,,,,,,,,,,
Year,State,NMFS Name,Pounds,Metric Tons,Dollars,Confidentiality,Collection,Scientific Name,Tsn,Source
2023,CONNECTICUT,MENHADENS **,"202,157",92,"50,511",Public,Commercial,Brevoortia ,161731,ACCSP
2023,MAINE,MENHADENS **,"14,596,515","6,621","6,431,102",Public,Commercial,Brevoortia ,161731,ACCSP
2023,MARYLAND,MENHADENS **,"3,125,593","1,418","654,843",Public,Commercial,Brevoortia ,161731,ACCSP
2023,MASSACHUSETTS,MENHADENS **,"2,980,815","1,352","879,316",Public,Commercial,Brevoortia ,161731,ACCSP
2023,NEW HAMPSHIRE,MENHADENS **,"4,375,900","1,985","1,404,765",Public,Commercial,Brevoortia ,161731,ACCSP
2023,NEW JERSEY,MENHADENS **,"41,101,706","18,644","5,521,086",Public,Commercial,Brevoortia ,161731,ACCSP
2023,NEW YORK,MENHADENS **,"450,199",204,"115,699",Public,Commercial,Brevoortia ,161731,ACCSP
2023,NORTH CAROLINA,MENHADENS **,"619,374",281,"166,470",Public,Commercial,Brevoortia ,161731,ACCSP
2023,RHODE ISLAND,MENHADENS **,"159,875",73,"58,088",Public,Commercial,Brevoortia ,161731,ACCSP
2023,VIRGINIA,MENHADENS **,"290,941,497","131,970","43,815,789",Public,Commercial,Brevoortia ,161731,EXCEPTIONS
2022,CONNECTICUT,MENHADENS **,"299,252",136,"67,664",Public,Commercial,Brevoortia ,161731,ACCSP
2022,DELAWARE,MENHADENS **,,,,Confidential,Commercial,Brevoortia ,161731,ACCSP
2022,MAINE,MENHADENS **,"19,335,722","8,771","8,371,853",Public,Commercial,Brevoortia ,161731,ACCSP
2022,MARYLAND,MENHADENS **,"4,982,957","2,260","862,810",Public,Commercial,Brevoortia ,161731,ACCSP
2022,MASSACHUSETTS,MENHADENS **,"10,425,267","4,729","4,078,897",Public,Commercial,Brevoortia ,161731,ACCSP
2022,NEW HAMPSHIRE,MENHADENS **,"4,986,600","2,262","1,996,040",Public,Commercial,Brevoortia ,161731,ACCSP
2022,NEW JERSEY,MENHADENS **,"47,549,602","21,568","11,437,571",Public,Commercial,Brevoortia ,161731,ACCSP
2022,NEW YORK,MENHADENS **,"1,095,609",497,"336,365",Public,Commercial,Brevoortia ,161731,ACCSP
2022,NORTH CAROLINA,MENHADENS **,"539,499",245,"166,501",Public,Commercial,Brevoortia ,161731,ACCSP
2022,RHODE ISLAND,MENHADENS **,"617,151",280,"243,983",Public,Commercial,Brevoortia ,161731,ACCSP
2022,SOUTH CAROLINA,MENHADENS **,,,,Confidential,Commercial,Brevoortia ,161731,ACCSP
2022,VIRGINIA,MENHADENS **,"299,957,237","136,060","47,874,635",Public,Commercial,Brevoortia ,161731,EXCEPTIONS
2021,CONNECTICUT,MENHADENS **,"179,177",81,"38,553",Public,Commercial,Brevoortia ,161731,ACCSP
2021,DELAWARE,MENHADENS **,,,,Confidential,Commercial,Brevoortia ,161731,ACCSP
2021,MAINE,MENHADENS **,"36,890,619","16,733","57,086,489",Public,Commercial,Brevoortia ,161731,ACCSP
2021,MARYLAND,MENHADENS **,"4,020,789","1,824","644,003",Public,Commercial,Brevoortia ,161731,ACCSP
2021,MASSACHUSETTS,MENHADENS **,"9,916,257","4,498","2,485,960",Public,Commercial,Brevoortia ,161731,ACCSP
2021,NEW HAMPSHIRE,MENHADENS **,"4,807,900","2,181","1,697,400",Public,Commercial,Brevoortia ,161731,ACCSP
2021,NEW JERSEY,MENHADENS **,"80,408,245","36,473","16,608,588",Public,Commercial,Brevoortia ,161731,ACCSP
2021,NEW YORK,MENHADENS **,"3,424,785","1,553","569,053",Public,Commercial,Brevoortia ,161731,ACCSP
2021,NORTH CAROLINA,MENHADENS **,"430,623",195,"116,007",Public,Commercial,Brevoortia ,161731,ACCSP
2021,RHODE ISLAND,MENHADENS **,"3,575,154","1,622","536,806",Public,Commercial,Brevoortia ,161731,ACCSP
2021,VIRGINIA,MENHADENS **,"301,349,508","136,691","46,646,123",Public,Commercial,Brevoortia ,161731,EXCEPTIONS
2020,CONNECTICUT,MENHADENS **,"217,110",98,"102,380",Public,Commercial,Brevoortia ,161731,ACCSP
2020,DELAWARE,MENHADENS **,,,,Confidential,Commercial,Brevoortia ,161731,ACCSP
2020,MAINE,MENHADENS **,"10,896,429","4,943","2,801,787",Public,Commercial,Brevoortia ,161731,ACCSP
2020,MARYLAND,MENHADENS **,"3,492,261","1,584","966,247",Public,Commercial,Brevoortia ,161731,ACCSP
2020,MASSACHUSETTS,MENHADENS **,"8,821,142","4,001","7,937,229",Public,Commercial,Brevoortia ,161731,ACCSP
2020,NEW HAMPSHIRE,MENHADENS **,,,,Confidential,Commercial,Brevoortia ,161731,ACCSP
2020,NEW JERSEY,MENHADENS **,"90,583,260","41,088","51,472,734",Public,Commercial,Brevoortia ,161731,ACCSP
2020,NEW YORK,MENHADENS **,"4,400,250","1,996","849,893",Public,Commercial,Brevoortia ,161731,ACCSP
2020,NORTH CAROLINA,MENHADENS **,"599,742",272,"123,443",Public,Commercial,Brevoortia ,161731,ACCSP
2020,RHODE ISLAND,MENHADENS **,"198,487",90,"30,896",Public,Commercial,Brevoortia ,161731,ACCSP
2020,VIRGINIA,MENHADENS **,"273,480,005","124,050","57,126,386",Public,Commercial,Brevoortia ,161731,EXCEPTIONS
2019,CONNECTICUT,MENHADENS **,"133,202",60,"26,685",Public,Commercial,Brevoortia ,161731,ACCSP
2019,DELAWARE,MENHADENS **,,,,Confidential,Commercial,Brevoortia ,161731,ACCSP
2019,MAINE,MENHADENS **,"8,975,045","4,071","2,475,485",Public,Commercial,Brevoortia ,161731,ACCSP
2019,MARYLAND,MENHADENS **,"4,309,025","1,955","648,772",Public,Commercial,Brevoortia ,161731,ACCSP
2019,MASSACHUSETTS,MENHADENS **,"6,964,323","3,159","1,314,355",Public,Commercial,Brevoortia ,161731,ACCSP
2019,NEW HAMPSHIRE,MENHADENS **,"4,540,800","2,060","791,716",Public,Commercial,Brevoortia ,161731,ACCSP
2019,NEW JERSEY,MENHADENS **,"77,991,508","35,377","13,718,296",Public,Commercial,Brevoortia ,161731,ACCSP
2019,NEW YORK,MENHADENS **,"973,953",442,"177,738",Public,Commercial,Brevoortia ,161731,ACCSP
2019,NORTH CAROLINA,MENHADENS **,"551,849",250,"138,037",Public,Commercial,Brevoortia ,161731,ACCSP
2019,RHODE ISLAND,MENHADENS **,"66,669",30,"16,163",Public,Commercial,Brevoortia ,161731,ACCSP
2019,SOUTH CAROLINA,MENHADENS **,,,,Confidential,Commercial,Brevoortia ,161731,ACCSP
2019,VIRGINIA,MENHADENS **,"332,511,812","150,826","26,921,609",Public,Commercial,Brevoortia ,161731,EXCEPTIONS
2018,CONNECTICUT,MENHADENS **,"849,690",385,"70,133",Public,Commercial,Brevoortia ,161731,ACCSP
2018,DELAWARE,MENHADENS **,,,,Confidential,Commercial,Brevoortia ,161731,ACCSP
2018,MAINE,MENHADENS **,"5,720,620","2,595","1,440,624",Public,Commercial,Brevoortia ,161731,ACCSP
2018,MARYLAND,MENHADENS **,"4,388,403","1,991","732,878",Public,Commercial,Brevoortia ,161731,ACCSP
2018,MASSACHUSETTS,MENHADENS **,"5,679,209","2,576","871,617",Public,Commercial,Brevoortia ,161731,ACCSP
2018,NEW HAMPSHIRE,MENHADENS **,,,,Confidential,Commercial,Brevoortia ,161731,ACCSP
2018,NEW JERSEY,MENHADENS **,"84,791,590","38,461","12,913,185",Public,Commercial,Brevoortia ,161731,ACCSP
2018,NEW YORK,MENHADENS **,"471,087",214,"98,274",Public,Commercial,Brevoortia ,161731,ACCSP
2018,NORTH CAROLINA,MENHADENS **,"713,978",324,"175,007",Public,Commercial,Brevoortia ,161731,ACCSP
2018,RHODE ISLAND,MENHADENS **,"731,717",332,"58,921",Public,Commercial,Brevoortia ,161731,ACCSP
2018,SOUTH CAROLINA,MENHADENS **,,,,Confidential,Commercial,Brevoortia ,161731,ACCSP
2018,VIRGINIA,MENHADENS **,"311,543,671","141,315","27,716,057",Public,Commercial,Brevoortia ,161731,EXCEPTIONS
2017,CONNECTICUT,MENHADENS **,"203,138",92,"35,387",Public,Commercial,Brevoortia ,161731,ACCSP
2017,DELAWARE,MENHADENS **,,,,Confidential,Commercial,Brevoortia ,161731,ACCSP
2017,MAINE,MENHADENS **,"2,413,434","1,095","681,840",Public,Commercial,Brevoortia ,161731,ACCSP
2017,MARYLAND,MENHADENS **,"3,568,447","1,619","648,195",Public,Commercial,Brevoortia ,161731,ACCSP
2017,MASSACHUSETTS,MENHADENS **,"3,696,974","1,677","637,244",Public,Commercial,Brevoortia ,161731,ACCSP
2017,NEW HAMPSHIRE,MENHADENS **,,,,Confidential,Commercial,Brevoortia ,161731,ACCSP
2017,NEW JERSEY,MENHADENS **,"98,654,475","44,749","16,650,640",Public,Commercial,Brevoortia ,161731,ACCSP
2017,NEW YORK,MENHADENS **,"1,634,042",741,"232,278",Public,Commercial,Brevoortia ,161731,ACCSP
2017,NORTH CAROLINA,MENHADENS **,"752,799",341,"160,181",Public,Commercial,Brevoortia ,161731,ACCSP
2017,RHODE ISLAND,MENHADENS **,"1,752,756",795,"136,893",Public,Commercial,Brevoortia ,161731,ACCSP
2017,VIRGINIA,MENHADENS **,"284,226,224","128,924","22,865,271",Public,Commercial,Brevoortia ,161731,EXCEPTIONS
2016,CONNECTICUT,MENHADENS **,"66,992",30,"11,596",Public,Commercial,Brevoortia ,161731,ACCSP
2016,MAINE,MENHADENS **,"4,372,166","1,983","1,230,783",Public,Commercial,Brevoortia ,161731,ACCSP
2016,MARYLAND,MENHADENS **,"6,473,115","2,936","1,035,094",Public,Commercial,Brevoortia ,161731,ACCSP
2016,MASSACHUSETTS,MENHADENS **,"3,063,055","1,389","374,367",Public,Commercial,Brevoortia ,161731,ACCSP
2016,NEW JERSEY,MENHADENS **,"52,817,109","23,958","8,607,178",Public,Commercial,Brevoortia ,161731,ACCSP
2016,NEW YORK,MENHADENS **,"1,637,913",743,"194,075",Public,Commercial,Brevoortia ,161731,ACCSP
2016,NORTH CAROLINA,MENHADENS **,"398,044",181,"76,863",Public,Commercial,Brevoortia ,161731,ACCSP
2016,RHODE ISLAND,MENHADENS **,"317,328",144,"34,832",Public,Commercial,Brevoortia ,161731,ACCSP
2016,VIRGINIA,MENHADENS **,"302,899,356","137,394","24,235,842",Public,Commercial,Brevoortia ,161731,EXCEPTIONS
2015,CONNECTICUT,MENHADENS **,"81,387",37,"13,828",Public,Commercial,Brevoortia ,161731,ACCSP
2015,MARYLAND,MENHADENS **,"8,785,713","3,985","1,222,197",Public,Commercial,Brevoortia ,161731,ACCSP
2015,MASSACHUSETTS,MENHADENS **,"2,928,427","1,328","233,728",Public,Commercial,Brevoortia ,161731,ACCSP
2015,NEW JERSEY,MENHADENS **,"72,106,979","32,708","10,687,188",Public,Commercial,Brevoortia ,161731,ACCSP
2015,NEW YORK,MENHADENS **,"1,407,002",638,"194,828",Public,Commercial,Brevoortia ,161731,ACCSP
2015,NORTH CAROLINA,MENHADENS **,"898,322",407,"154,385",Public,Commercial,Brevoortia ,161731,ACCSP
2015,RHODE ISLAND,MENHADENS **,"2,060,381",935,"183,467",Public,Commercial,Brevoortia ,161731,ACCSP
2015,SOUTH CAROLINA,MENHADENS **,,,,Confidential,Commercial,Brevoortia ,161731,ACCSP
2015,VIRGINIA,MENHADENS **,"352,854,848","160,054","28,201,992",Public,Commercial,Brevoortia ,161731,ACCSP
2014,CONNECTICUT,MENHADENS **,"36,552",17,"6,337",Public,Commercial,Brevoortia ,161731,ACCSP
2014,DELAWARE,MENHADENS **,,,,Confidential,Commercial,Brevoortia ,161731,ACCSP
2014,MARYLAND,MENHADENS **,"8,353,684","3,789","1,379,392",Public,Commercial,Brevoortia ,161731,ACCSP
2014,MASSACHUSETTS,MENHADENS **,"2,218,570","1,006","166,036",Public,Commercial,Brevoortia ,161731,ACCSP
2014,NEW JERSEY,MENHADENS **,"43,881,091","19,904","5,774,334",Public,Commercial,Brevoortia ,161731,ACCSP
2014,NEW YORK,MENHADENS **,"768,538",349,"113,033",Public,Commercial,Brevoortia ,161731,ACCSP
2014,NORTH CAROLINA,MENHADENS **,"917,905",416,"148,678",Public,Commercial,Brevoortia ,161731,ACCSP
2014,RHODE ISLAND,MENHADENS **,"500,903",227,"62,767",Public,Commercial,Brevoortia ,161731,ACCSP
2014,VIRGINIA,MENHADENS **,"326,817,181","148,243","26,045,630",Public,Commercial,Brevoortia ,161731,ACCSP
2013,CONNECTICUT,MENHADENS **,"6,703",3,"3,934",Public,Commercial,Brevoortia ,161731,ACCSP
2013,DELAWARE,MENHADENS **,,,,Confidential,Commercial,Brevoortia ,161731,ACCSP
2013,MARYLAND,MENHADENS **,"7,682,317","3,485","903,449",Public,Commercial,Brevoortia ,161731,ACCSP
2013,MASSACHUSETTS,MENHADENS **,"2,301,539","1,044","177,968",Public,Commercial,Brevoortia ,161731,ACCSP
2013,NEW YORK,MENHADENS **,"1,141,133",518,"117,228",Public,Commercial,Brevoortia ,161731,ACCSP
2013,NORTH CAROLINA,MENHADENS **,"454,206",206,"74,991",Public,Commercial,Brevoortia ,161731,ACCSP
2013,RHODE ISLAND,MENHADENS **,"99,821",45,"17,732",Public,Commercial,Brevoortia ,161731,ACCSP
2013,VIRGINIA,MENHADENS **,"317,949,684","144,221","25,342,950",Public,Commercial,Brevoortia ,161731,ACCSP
2012,CONNECTICUT,MENHADENS **,"37,454",17,"9,513",Public,Commercial,Brevoortia ,161731,ACCSP
2012,DELAWARE,MENHADENS **,,,,Confidential,Commercial,Brevoortia ,161731,ACCSP
2012,MARYLAND,MENHADENS **,"16,371,030","7,426","1,667,547",Public,Commercial,Brevoortia ,161731,ACCSP
2012,MASSACHUSETTS,MENHADENS **,"1,629,204",739,"189,485",Public,Commercial,Brevoortia ,161731,ACCSP
2012,NEW YORK,MENHADENS **,"218,695",99,"22,651",Public,Commercial,Brevoortia ,161731,ACCSP
2012,NORTH CAROLINA,MENHADENS **,"538,792",244,"82,363",Public,Commercial,Brevoortia ,161731,ACCSP
2012,RHODE ISLAND,MENHADENS **,"106,606",48,"18,300",Public,Commercial,Brevoortia ,161731,ACCSP
2012,VIRGINIA,MENHADENS **,"390,317,699","177,047","31,106,848",Public,Commercial,Brevoortia ,161731,ACCSP
2011,CONNECTICUT,MENHADENS **,"26,929",12,"7,305",Public,Commercial,Brevoortia ,161731,ACCSP
2011,DELAWARE,MENHADENS **,,,,Confidential,Commercial,Brevoortia ,161731,ACCSP
2011,MAINE,MENHADENS **,,,,Confidential,Commercial,Brevoortia ,161731,ACCSP
2011,MARYLAND,MENHADENS **,"7,981,573","3,620","681,905",Public,Commercial,Brevoortia ,161731,ACCSP
2011,MASSACHUSETTS,MENHADENS **,"86,641",39,"87,977",Public,Commercial,Brevoortia ,161731,ACCSP
2011,NEW YORK,MENHADENS **,"201,405",91,"32,962",Public,Commercial,Brevoortia ,161731,ACCSP
2011,NORTH CAROLINA,MENHADENS **,"3,530,003","1,601","328,746",Public,Commercial,Brevoortia ,161731,ACCSP
2011,RHODE ISLAND,MENHADENS **,"83,899",38,"14,214",Public,Commercial,Brevoortia ,161731,ACCSP
2011,VIRGINIA,MENHADENS **,"414,158,627","187,861","32,995,188",Public,Commercial,Brevoortia ,161731,ACCSP
2010,CONNECTICUT,MENHADENS **,"42,489",19,"9,318",Public,Commercial,Brevoortia ,161731,ACCSP
2010,DELAWARE,MENHADENS **,,,,Confidential,Commercial,Brevoortia ,161731,ACCSP
2010,MAINE,MENHADENS **,,,,Confidential,Commercial,Brevoortia ,161731,ACCSP
2010,MARYLAND,MENHADENS **,"15,461,410","7,013","728,569",Public,Commercial,Brevoortia ,161731,ACCSP
2010,MASSACHUSETTS,MENHADENS **,"4,948,437","2,245","602,219",Public,Commercial,Brevoortia ,161731,ACCSP
2010,NEW YORK,MENHADENS **,"318,266",144,"57,841",Public,Commercial,Brevoortia ,161731,ACCSP
2010,NORTH CAROLINA,MENHADENS **,"1,299,150",589,"105,479",Public,Commercial,Brevoortia ,161731,ACCSP
2010,RHODE ISLAND,MENHADENS **,"78,149",35,"18,357",Public,Commercial,Brevoortia ,161731,ACCSP
2010,VIRGINIA,MENHADENS **,"433,240,774","196,517","34,476,160",Public,Commercial,Brevoortia ,161731,ACCSP
2009,CONNECTICUT,MENHADENS **,"170,907",78,"26,884",Public,Commercial,Brevoortia ,161731,ACCSP
2009,DELAWARE,MENHADENS **,,,,Confidential,Commercial,Brevoortia ,161731,ACCSP
2009,MAINE,MENHADENS **,"166,942",76,"21,482",Public,Commercial,Brevoortia ,161731,ACCSP
2009,MARYLAND,MENHADENS **,"9,550,316","4,332","895,601",Public,Commercial,Brevoortia ,161731,ACCSP
2009,MASSACHUSETTS,MENHADENS **,"6,695,388","3,037","751,494",Public,Commercial,Brevoortia ,161731,ACCSP
2009,NEW YORK,MENHADENS **,"102,730",47,"21,335",Public,Commercial,Brevoortia ,161731,ACCSP
2009,NORTH CAROLINA,MENHADENS **,"2,124,734",964,"233,804",Public,Commercial,Brevoortia ,161731,ACCSP
2009,RHODE ISLAND,MENHADENS **,"107,548",49,"19,664",Public,Commercial,Brevoortia ,161731,ACCSP
2009,VIRGINIA,MENHADENS **,"351,391,883","159,390","23,578,066",Public,Commercial,Brevoortia ,161731,ACCSP
2008,CONNECTICUT,MENHADENS **,"104,881",48,"10,488",Public,Commercial,Brevoortia ,161731,ACCSP
2008,DELAWARE,MENHADENS **,,,,Confidential,Commercial,Brevoortia ,161731,ACCSP
2008,MAINE,MENHADENS **,"4,200,465","1,905","428,698",Public,Commercial,Brevoortia ,161731,ACCSP
2008,MARYLAND,MENHADENS **,"9,654,813","4,379","920,301",Public,Commercial,Brevoortia ,161731,ACCSP
2008,MASSACHUSETTS,MENHADENS **,"14,097,713","6,395","1,569,866",Public,Commercial,Brevoortia ,161731,ACCSP
2008,NEW JERSEY,MENHADENS **,"33,838,941","15,349","2,236,566",Public,Commercial,Brevoortia ,161731,ACCSP
2008,NEW YORK,MENHADENS **,"103,373",47,"24,428",Public,Commercial,Brevoortia ,161731,ACCSP
2008,NORTH CAROLINA,MENHADENS **,"645,231",293,"67,718",Public,Commercial,Brevoortia ,161731,ACCSP
2008,RHODE ISLAND,MENHADENS **,"269,288",122,"44,116",Public,Commercial,Brevoortia ,161731,ACCSP
2008,VIRGINIA,MENHADENS **,"353,895,252","160,526","21,270,642",Public,Commercial,Brevoortia ,161731,ACCSP
2007,CONNECTICUT,MENHADENS **,"90,254",41,"9,029",Public,Commercial,Brevoortia ,161731,ACCSP
2007,DELAWARE,MENHADENS **,,,,Confidential,Commercial,Brevoortia ,161731,ACCSP
2007,MAINE,MENHADENS **,,,,Confidential,Commercial,Brevoortia ,161731,ACCSP
2007,MARYLAND,MENHADENS **,"13,740,758","6,233","1,377,744",Public,Commercial,Brevoortia ,161731,ACCSP
2007,MASSACHUSETTS,MENHADENS **,"5,513,813","2,501","522,847",Public,Commercial,Brevoortia ,161731,ACCSP
2007,NEW JERSEY,MENHADENS **,"37,634,929","17,071","3,193,721",Public,Commercial,Brevoortia ,161731,ACCSP
2007,NEW YORK,MENHADENS **,"129,155",59,"18,603",Public,Commercial,Brevoortia ,161731,ACCSP
2007,NORTH CAROLINA,MENHADENS **,"1,134,208",514,"140,995",Public,Commercial,Brevoortia ,161731,ACCSP
2007,RHODE ISLAND,MENHADENS **,"8,948",4,"1,195",Public,Commercial,Brevoortia ,161731,ACCSP
2007,VIRGINIA,MENHADENS **,"420,481,003","190,729","25,316,714",Public,Commercial,Brevoortia ,161731,ACCSP
2006,CONNECTICUT,MENHADENS **,"866,235",393,"69,303",Public,Commercial,Brevoortia ,161731,ACCSPHIST
2006,DELAWARE,MENHADENS **,"107,824",49,"10,467",Public,Commercial,Brevoortia ,161731,ACCSPHIST
2006,FLORIDA-EAST,MENHADENS **,"157,117",71,"49,360",Public,Commercial,Brevoortia ,161731,ACCSPHIST
2006,MARYLAND,MENHADENS **,"5,192,489","2,355","650,360",Public,Commercial,Brevoortia ,161731,ACCSPHIST
2006,MASSACHUSETTS,MENHADENS **,"2,504,211","1,136","232,507",Public,Commercial,Brevoortia ,161731,ACCSPHIST
2006,NEW JERSEY,MENHADENS **,"24,085,182","10,925","2,102,620",Public,Commercial,Brevoortia ,161731,ACCSPHIST
2006,NEW YORK,MENHADENS **,"329,986",150,"34,454",Public,Commercial,Brevoortia ,161731,ACCSPHIST
2006,NORTH CAROLINA,MENHADENS **,"962,647",437,"147,795",Public,Commercial,Brevoortia ,161731,ACCSPHIST
2006,RHODE ISLAND,MENHADENS **,"82,424",37,"4,609",Public,Commercial,Brevoortia ,161731,ACCSPHIST
2006,VIRGINIA,MENHADENS **,"370,946,438","168,260","22,305,704",Public,Commercial,Brevoortia ,161731,ACCSPHIST
2005,CONNECTICUT,MENHADENS **,"30,636",14,"3,068",Public,Commercial,Brevoortia ,161731,ACCSPHIST
2005,DELAWARE,MENHADENS **,"120,429",55,"14,904",Public,Commercial,Brevoortia ,161731,ACCSPHIST
2005,FLORIDA-EAST,MENHADENS **,"39,404",18,"14,776",Public,Commercial,Brevoortia ,161731,ACCSPHIST
2005,MARYLAND,MENHADENS **,"15,759,698","7,149","1,897,538",Public,Commercial,Brevoortia ,161731,ACCSPHIST
2005,MASSACHUSETTS,MENHADENS **,"1,967,984",893,"132,625",Public,Commercial,Brevoortia ,161731,ACCSPHIST
2005,NEW JERSEY,MENHADENS **,"24,092,525","10,928","9,423,313",Public,Commercial,Brevoortia ,161731,ACCSPHIST
2005,NEW YORK,MENHADENS **,"74,205",34,"9,664",Public,Commercial,Brevoortia ,161731,ACCSPHIST
2005,NORTH CAROLINA,MENHADENS **,"13,386,247","6,072","1,223,030",Public,Commercial,Brevoortia ,161731,ACCSPHIST
2005,RHODE ISLAND,MENHADENS **,"14,471",7,"3,429",Public,Commercial,Brevoortia ,161731,ACCSPHIST
2005,VIRGINIA,MENHADENS **,"372,577,775","169,000","25,443,147",Public,Commercial,Brevoortia ,161731,ACCSPHIST
2004,CONNECTICUT,MENHADENS **,"33,210",15,"3,327",Public,Commercial,Brevoortia ,161731,ACCSPHIST
2004,DELAWARE,MENHADENS **,"75,635",34,"6,480",Public,Commercial,Brevoortia ,161731,ACCSPHIST
2004,FLORIDA-EAST,MENHADENS **,"20,870",9,"14,042",Public,Commercial,Brevoortia ,161731,ACCSPHIST
2004,MARYLAND,MENHADENS **,"3,297,691","1,496","375,581",Public,Commercial,Brevoortia ,161731,ACCSPHIST
2004,NEW HAMPSHIRE,MENHADENS **,140,0,17,Public,Commercial,Brevoortia ,161731,ACCSPHIST
2004,NEW JERSEY,MENHADENS **,"18,023,688","8,175","1,186,929",Public,Commercial,Brevoortia ,161731,ACCSPHIST
2004,NEW YORK,MENHADENS **,"75,420",34,"9,947",Public,Commercial,Brevoortia ,161731,ACCSPHIST
2004,NORTH CAROLINA,MENHADENS **,"50,577,982","22,942","4,535,531",Public,Commercial,Brevoortia ,161731,ACCSPHIST
2004,RHODE ISLAND,MENHADENS **,"39,232",18,"4,306",Public,Commercial,Brevoortia ,161731,ACCSPHIST
2004,VIRGINIA,MENHADENS **,"399,797,922","181,347","24,418,822",Public,Commercial,Brevoortia ,161731,ACCSPHIST
2003,CONNECTICUT,MENHADENS **,"46,515",21,"4,655",Public,Commercial,Brevoortia ,161731,ACCSPHIST
2003,DELAWARE,MENHADENS **,"45,871",21,"4,330",Public,Commercial,Brevoortia ,161731,ACCSPHIST
2003,FLORIDA-EAST,MENHADENS **,"35,810",16,"20,608",Public,Commercial,Brevoortia ,161731,ACCSPHIST
2003,MARYLAND,MENHADENS **,"4,231,660","1,919","336,860",Public,Commercial,Brevoortia ,161731,ACCSPHIST
2003,NEW JERSEY,MENHADENS **,"20,450,091","9,276","1,478,493",Public,Commercial,Brevoortia ,161731,ACCSPHIST
2003,NEW YORK,MENHADENS **,"148,575",67,"21,129",Public,Commercial,Brevoortia ,161731,ACCSPHIST
2003,NORTH CAROLINA,MENHADENS **,"48,936,503","22,197","1,748,071",Public,Commercial,Brevoortia ,161731,ACCSPHIST
2003,VIRGINIA,MENHADENS **,"373,867,599","169,585","22,511,216",Public,Commercial,Brevoortia ,161731,ACCSPHIST
2002,CONNECTICUT,MENHADENS **,"1,138,788",517,"291,534",Public,Commercial,Brevoortia ,161731,ACCSPHIST
2002,DELAWARE,MENHADENS **,"83,015",38,"7,902",Public,Commercial,Brevoortia ,161731,ACCSPHIST
2002,FLORIDA-EAST,MENHADENS **,"55,304",25,"30,365",Public,Commercial,Brevoortia ,161731,ACCSPHIST
2002,MARYLAND,MENHADENS **,"4,850,391","2,200","423,271",Public,Commercial,Brevoortia ,161731,ACCSPHIST
2002,NEW JERSEY,MENHADENS **,"24,725,015","11,215","1,577,936",Public,Commercial,Brevoortia ,161731,ACCSPHIST
2002,NEW YORK,MENHADENS **,"6,480",3,"1,065",Public,Commercial,Brevoortia ,161731,ACCSPHIST
2002,NORTH CAROLINA,MENHADENS **,"69,190,601","31,385","5,045,423",Public,Commercial,Brevoortia ,161731,ACCSPHIST
2002,VIRGINIA,MENHADENS **,"364,941,378","165,536","22,113,124",Public,Commercial,Brevoortia ,161731,ACCSPHIST
2001,CONNECTICUT,MENHADENS **,"38,865",18,"9,722",Public,Commercial,Brevoortia ,161731,ACCSPHIST
2001,DELAWARE,MENHADENS **,"53,254",24,"4,291",Public,Commercial,Brevoortia ,161731,ACCSPHIST
2001,FLORIDA-EAST,MENHADENS **,"179,951",82,"79,875",Public,Commercial,Brevoortia ,161731,ACCSPHIST
2001,MARYLAND,MENHADENS **,"4,618,607","2,095","381,750",Public,Commercial,Brevoortia ,161731,ACCSPHIST
2001,NEW JERSEY,MENHADENS **,"26,375,573","11,964","1,506,823",Public,Commercial,Brevoortia ,161731,ACCSPHIST
2001,NEW YORK,MENHADENS **,"296,116",134,"30,523",Public,Commercial,Brevoortia ,161731,ACCSPHIST
2001,NORTH CAROLINA,MENHADENS **,"56,012,398","25,407","4,551,444",Public,Commercial,Brevoortia ,161731,ACCSPHIST
2001,VIRGINIA,MENHADENS **,"487,143,843","220,967","25,859,656",Public,Commercial,Brevoortia ,161731,ACCSPHIST
2000,CONNECTICUT,MENHADENS **,"14,423",7,"1,444",Public,Commercial,Brevoortia ,161731,ACCSPHIST
2000,DELAWARE,MENHADENS **,"47,980",22,"6,790",Public,Commercial,Brevoortia ,161731,ACCSPHIST
2000,FLORIDA-EAST,MENHADENS **,"263,747",120,"112,823",Public,Commercial,Brevoortia ,161731,ACCSPHIST
2000,MARYLAND,MENHADENS **,"4,870,835","2,209","522,909",Public,Commercial,Brevoortia ,161731,ACCSPHIST
2000,NEW JERSEY,MENHADENS **,"31,266,780","14,183","1,875,061",Public,Commercial,Brevoortia ,161731,ACCSPHIST
2000,NEW YORK,MENHADENS **,"282,920",128,"70,202",Public,Commercial,Brevoortia ,161731,ACCSPHIST
2000,NORTH CAROLINA,MENHADENS **,"56,280,111","25,528","3,495,747",Public,Commercial,Brevoortia ,161731,ACCSPHIST
2000,RHODE ISLAND,MENHADENS **,"320,000",145,"19,200",Public,Commercial,Brevoortia ,161731,ACCSPHIST
2000,VIRGINIA,MENHADENS **,"367,130,978","166,530","27,565,919",Public,Commercial,Brevoortia ,161731,ACCSPHIST
1999,CONNECTICUT,MENHADENS **,"30,298",14,"4,550",Public,Commercial,Brevoortia ,161731,ACCSPHIST
1999,DELAWARE,MENHADENS **,"78,551",36,"7,034",Public,Commercial,Brevoortia ,161731,ACCSPHIST
1999,FLORIDA-EAST,MENHADENS **,"288,144",131,"96,637",Public,Commercial,Brevoortia ,161731,ACCSPHIST
1999,MARYLAND,MENHADENS **,"5,721,212","2,595","463,483",Public,Commercial,Brevoortia ,161731,ACCSPHIST
1999,MASSACHUSETTS,MENHADENS **,"904,200",410,"36,168",Public,Commercial,Brevoortia ,161731,ACCSPHIST
1999,NEW JERSEY,MENHADENS **,"31,036,717","14,078","2,429,283",Public,Commercial,Brevoortia ,161731,ACCSPHIST
1999,NEW YORK,MENHADENS **,"11,511",5,"2,917",Public,Commercial,Brevoortia ,161731,ACCSPHIST
1999,NORTH CAROLINA,MENHADENS **,"42,799,082","19,414","2,680,644",Public,Commercial,Brevoortia ,161731,ACCSPHIST
1999,RHODE ISLAND,MENHADENS **,"2,330",1,590,Public,Commercial,Brevoortia ,161731,ACCSPHIST
1999,VIRGINIA,MENHADENS **,"378,158,210","171,531","30,221,972",Public,Commercial,Brevoortia ,161731,ACCSPHIST
1998,CONNECTICUT,MENHADENS **,"338,817",154,"50,829",Public,Commercial,Brevoortia ,161731,ACCSPHIST
1998,DELAWARE,MENHADENS **,"58,048",26,"6,155",Public,Commercial,Brevoortia ,161731,ACCSPHIST
1998,FLORIDA-EAST,MENHADENS **,"301,566",137,"86,872",Public,Commercial,Brevoortia ,161731,ACCSPHIST
1998,MARYLAND,MENHADENS **,"4,463,884","2,025","426,307",Public,Commercial,Brevoortia ,161731,ACCSPHIST
1998,NEW HAMPSHIRE,MENHADENS **,9,0,5,Public,Commercial,Brevoortia ,161731,ACCSPHIST
1998,NEW JERSEY,MENHADENS **,"33,287,641","15,099","2,980,128",Public,Commercial,Brevoortia ,161731,ACCSPHIST
1998,NEW YORK,MENHADENS **,"29,334",13,"3,453",Public,Commercial,Brevoortia ,161731,ACCSPHIST
1998,NORTH CAROLINA,MENHADENS **,"57,976,455","26,298","4,121,666",Public,Commercial,Brevoortia ,161731,ACCSPHIST
1998,RHODE ISLAND,MENHADENS **,"2,018,800",916,"101,020",Public,Commercial,Brevoortia ,161731,ACCSPHIST
1998,VIRGINIA,MENHADENS **,"508,727,795","230,757","40,744,067",Public,Commercial,Brevoortia ,161731,ACCSPHIST
1997,CONNECTICUT,MENHADENS **,"72,329",33,"10,865",Public,Commercial,Brevoortia ,161731,ACCSPHIST
1997,DELAWARE,MENHADENS **,"55,733",25,"6,242",Public,Commercial,Brevoortia ,161731,ACCSPHIST
1997,FLORIDA-EAST,MENHADENS **,"408,492",185,"101,897",Public,Commercial,Brevoortia ,161731,ACCSPHIST
1997,MARYLAND,MENHADENS **,"4,898,967","2,222","481,060",Public,Commercial,Brevoortia ,161731,ACCSPHIST
1997,NEW JERSEY,MENHADENS **,"38,118,579","17,290","2,990,322",Public,Commercial,Brevoortia ,161731,ACCSPHIST
1997,NEW YORK,MENHADENS **,"553,953",251,"55,604",Public,Commercial,Brevoortia ,161731,ACCSPHIST
1997,NORTH CAROLINA,MENHADENS **,"97,727,058","44,329","8,794,213",Public,Commercial,Brevoortia ,161731,ACCSPHIST
1997,RHODE ISLAND,MENHADENS **,"2,836,550","1,287","142,900",Public,Commercial,Brevoortia ,161731,ACCSPHIST
1997,SOUTH CAROLINA,MENHADENS **,170,0,26,Public,Commercial,Brevoortia ,161731,ACCSPHIST
1997,VIRGINIA,MENHADENS **,"497,160,943","225,511","30,035,360",Public,Commercial,Brevoortia ,161731,ACCSPHIST
1996,CONNECTICUT,MENHADENS **,"82,851",38,"12,437",Public,Commercial,Brevoortia ,161731,ACCSPHIST
1996,DELAWARE,MENHADENS **,"100,823",46,"10,098",Public,Commercial,Brevoortia ,161731,ACCSPHIST
1996,FLORIDA-EAST,MENHADENS **,"272,386",124,"81,732",Public,Commercial,Brevoortia ,161731,ACCSPHIST
1996,MASSACHUSETTS,MENHADENS **,"8,500",4,"1,870",Public,Commercial,Brevoortia ,161731,ACCSPHIST
1996,NEW JERSEY,MENHADENS **,"35,516,726","16,110","2,288,850",Public,Commercial,Brevoortia ,161731,ACCSPHIST
1996,NEW YORK,MENHADENS **,"11,135",5,"1,215",Public,Commercial,Brevoortia ,161731,ACCSPHIST
1996,NORTH CAROLINA,MENHADENS **,"53,850,944","24,427","4,858,478",Public,Commercial,Brevoortia ,161731,ACCSPHIST
1996,VIRGINIA,MENHADENS **,"584,295,638","265,035","35,263,375",Public,Commercial,Brevoortia ,161731,ACCSPHIST
1995,CONNECTICUT,MENHADENS **,"255,664",116,"30,679",Public,Commercial,Brevoortia ,161731,ACCSPHIST
1995,DELAWARE,MENHADENS **,"101,300",46,"10,139",Public,Commercial,Brevoortia ,161731,ACCSPHIST
1995,FLORIDA-EAST,MENHADENS **,"660,272",299,"85,848",Public,Commercial,Brevoortia ,161731,ACCSPHIST
1995,MASSACHUSETTS,MENHADENS **,"61,000",28,"2,745",Public,Commercial,Brevoortia ,161731,ACCSPHIST
1995,NEW JERSEY,MENHADENS **,"36,578,407","16,592","1,942,323",Public,Commercial,Brevoortia ,161731,ACCSPHIST
1995,NEW YORK,MENHADENS **,"1,087,978",494,"152,379",Public,Commercial,Brevoortia ,161731,ACCSPHIST
1995,NORTH CAROLINA,MENHADENS **,"58,374,080","26,478","3,560,966",Public,Commercial,Brevoortia ,161731,ACCSPHIST
1995,VIRGINIA,MENHADENS **,"704,447,463","319,535","42,470,929",Public,Commercial,Brevoortia ,161731,ACCSPHIST
1994,CONNECTICUT,MENHADENS **,"100,000",45,"5,000",Public,Commercial,Brevoortia ,161731,ACCSPHIST
1994,DELAWARE,MENHADENS **,"78,700",36,"7,867",Public,Commercial,Brevoortia ,161731,ACCSPHIST
1994,FLORIDA-EAST,MENHADENS **,"1,387,012",629,"150,843",Public,Commercial,Brevoortia ,161731,ACCSPHIST
1994,MARYLAND,MENHADENS **,"3,512,417","1,593","891,430",Public,Commercial,Brevoortia ,161731,ACCSPHIST
1994,NEW JERSEY,MENHADENS **,"38,329,332","17,386","1,997,503",Public,Commercial,Brevoortia ,161731,ACCSPHIST
1994,NEW YORK,MENHADENS **,"961,474",436,"128,657",Public,Commercial,Brevoortia ,161731,ACCSPHIST
1994,NORTH CAROLINA,MENHADENS **,"73,853,902","33,500","3,178,612",Public,Commercial,Brevoortia ,161731,ACCSPHIST
1994,VIRGINIA,MENHADENS **,"513,269,653","232,818","31,006,486",Public,Commercial,Brevoortia ,161731,ACCSPHIST
1993,CONNECTICUT,MENHADENS **,"199,591",91,"9,980",Public,Commercial,Brevoortia ,161731,ACCSPHIST
1993,DELAWARE,MENHADENS **,"164,100",74,"9,850",Public,Commercial,Brevoortia ,161731,ACCSPHIST
1993,FLORIDA-EAST,MENHADENS **,"2,584,766","1,172","247,908",Public,Commercial,Brevoortia ,161731,ACCSPHIST
1993,MAINE,MENHADENS **,"19,520,455","8,854","1,338,385",Public,Commercial,Brevoortia ,161731,ACCSPHIST
1993,MARYLAND,MENHADENS **,"3,085,698","1,400","264,071",Public,Commercial,Brevoortia ,161731,ACCSPHIST
1993,MASSACHUSETTS,MENHADENS **,"1,332,000",604,"53,065",Public,Commercial,Brevoortia ,161731,ACCSPHIST
1993,NEW HAMPSHIRE,MENHADENS **,"3,710",2,557,Public,Commercial,Brevoortia ,161731,ACCSPHIST
1993,NEW JERSEY,MENHADENS **,"28,296,741","12,835","1,391,108",Public,Commercial,Brevoortia ,161731,ACCSPHIST
1993,NEW YORK,MENHADENS **,"1,048,993",476,"119,609",Public,Commercial,Brevoortia ,161731,ACCSPHIST
1993,NORTH CAROLINA,MENHADENS **,"64,711,384","29,353","1,954,299",Public,Commercial,Brevoortia ,161731,ACCSPHIST
1993,VIRGINIA,MENHADENS **,"639,324,195","289,996","38,392,282",Public,Commercial,Brevoortia ,161731,ACCSPHIST
1992,CONNECTICUT,MENHADENS **,"91,200",41,"4,560",Public,Commercial,Brevoortia ,161731,ACCSPHIST
1992,DELAWARE,MENHADENS **,"105,700",48,"5,305",Public,Commercial,Brevoortia ,161731,ACCSPHIST
1992,FLORIDA-EAST,MENHADENS **,"2,746,484","1,246","242,999",Public,Commercial,Brevoortia ,161731,ACCSPHIST
1992,MAINE,MENHADENS **,"14,857,195","6,739","910,046",Public,Commercial,Brevoortia ,161731,ACCSPHIST
1992,MARYLAND,MENHADENS **,"2,295,039","1,041","185,838",Public,Commercial,Brevoortia ,161731,ACCSPHIST
1992,MASSACHUSETTS,MENHADENS **,"6,606,593","2,997","263,749",Public,Commercial,Brevoortia ,161731,ACCSPHIST
1992,NEW HAMPSHIRE,MENHADENS **,"25,920",12,"1,495",Public,Commercial,Brevoortia ,161731,ACCSPHIST
1992,NEW JERSEY,MENHADENS **,"27,470,906","12,461","1,288,804",Public,Commercial,Brevoortia ,161731,ACCSPHIST
1992,NEW YORK,MENHADENS **,"1,131,701",513,"126,842",Public,Commercial,Brevoortia ,161731,ACCSPHIST
1992,NORTH CAROLINA,MENHADENS **,"57,515,712","26,089","1,744,030",Public,Commercial,Brevoortia ,161731,ACCSPHIST
1992,SOUTH CAROLINA,MENHADENS **,"1,300",1,260,Public,Commercial,Brevoortia ,161731,ACCSPHIST
1992,VIRGINIA,MENHADENS **,"574,826,830","260,740","28,712,218",Public,Commercial,Brevoortia ,161731,ACCSPHIST
1991,CONNECTICUT,MENHADENS **,"96,300",44,"4,815",Public,Commercial,Brevoortia ,161731,ACCSPHIST
1991,DELAWARE,MENHADENS **,"280,100",127,"14,005",Public,Commercial,Brevoortia ,161731,ACCSPHIST
1991,FLORIDA-EAST,MENHADENS **,"2,495,968","1,132","223,939",Public,Commercial,Brevoortia ,161731,ACCSPHIST
1991,MAINE,MENHADENS **,"16,107,463","7,306","1,263,781",Public,Commercial,Brevoortia ,161731,ACCSPHIST
1991,MARYLAND,MENHADENS **,"3,540,179","1,606","547,654",Public,Commercial,Brevoortia ,161731,ACCSPHIST
1991,MASSACHUSETTS,MENHADENS **,"6,326,300","2,870","271,055",Public,Commercial,Brevoortia ,161731,ACCSPHIST
1991,NEW HAMPSHIRE,MENHADENS **,"204,000",93,"8,160",Public,Commercial,Brevoortia ,161731,ACCSPHIST
1991,NEW JERSEY,MENHADENS **,"16,597,402","7,529","754,620",Public,Commercial,Brevoortia ,161731,ACCSPHIST
1991,NEW YORK,MENHADENS **,"650,150",295,"64,805",Public,Commercial,Brevoortia ,161731,ACCSPHIST
1991,NORTH CAROLINA,MENHADENS **,"110,528,754","50,136","3,002,829",Public,Commercial,Brevoortia ,161731,ACCSPHIST
1991,VIRGINIA,MENHADENS **,"601,187,849","272,697","30,032,372",Public,Commercial,Brevoortia ,161731,ACCSPHIST
1990,CONNECTICUT,MENHADENS **,"96,706",44,"4,837",Public,Commercial,Brevoortia ,161731,ACCSPHIST
1990,DELAWARE,MENHADENS **,"140,500",64,"8,429",Public,Commercial,Brevoortia ,161731,ACCSPHIST
1990,FLORIDA-EAST,MENHADENS **,"2,636,496","1,196","388,701",Public,Commercial,Brevoortia ,161731,ACCSPHIST
1990,MAINE,MENHADENS **,"5,744,597","2,606","484,590",Public,Commercial,Brevoortia ,161731,ACCSPHIST
1990,MARYLAND,MENHADENS **,"2,634,223","1,195","204,727",Public,Commercial,Brevoortia ,161731,ACCSPHIST
1990,MASSACHUSETTS,MENHADENS **,"1,361,900",618,"57,086",Public,Commercial,Brevoortia ,161731,ACCSPHIST
1990,NEW HAMPSHIRE,MENHADENS **,"264,500",120,"5,880",Public,Commercial,Brevoortia ,161731,ACCSPHIST
1990,NEW JERSEY,MENHADENS **,"9,041,459","4,101","537,697",Public,Commercial,Brevoortia ,161731,ACCSPHIST
1990,NEW YORK,MENHADENS **,"649,710",295,"68,955",Public,Commercial,Brevoortia ,161731,ACCSPHIST
1990,NORTH CAROLINA,MENHADENS **,"72,231,989","32,764","1,820,654",Public,Commercial,Brevoortia ,161731,ACCSPHIST
1990,VIRGINIA,MENHADENS **,"704,564,911","319,589","35,126,005",Public,Commercial,Brevoortia ,161731,ACCSPHIST
1989,CONNECTICUT,MENHADENS **,"148,500",67,"7,420",Public,Commercial,Brevoortia ,161731,ACCSPHIST
1989,DELAWARE,MENHADENS **,"90,500",41,"4,455",Public,Commercial,Brevoortia ,161731,ACCSPHIST
1989,FLORIDA-EAST,MENHADENS **,"1,372,505",623,"124,261",Public,Commercial,Brevoortia ,161731,ACCSPHIST
1989,MAINE,MENHADENS **,"380,600",173,"9,231",Public,Commercial,Brevoortia ,161731,ACCSPHIST
1989,MARYLAND,MENHADENS **,"6,166,000","2,797","387,437",Public,Commercial,Brevoortia ,161731,ACCSPHIST
1989,NEW HAMPSHIRE,MENHADENS **,"5,200",2,572,Public,Commercial,Brevoortia ,161731,ACCSPHIST
1989,NEW JERSEY,MENHADENS **,"2,854,500","1,295","208,520",Public,Commercial,Brevoortia ,161731,ACCSPHIST
1989,NEW YORK,MENHADENS **,"449,100",204,"39,478",Public,Commercial,Brevoortia ,161731,ACCSPHIST
1989,NORTH CAROLINA,MENHADENS **,"66,756,288","30,280","1,808,906",Public,Commercial,Brevoortia ,161731,ACCSPHIST
1989,VIRGINIA,MENHADENS **,"612,162,300","277,675","29,101,230",Public,Commercial,Brevoortia ,161731,ACCSPHIST
1988,CONNECTICUT,MENHADENS **,"192,700",87,"21,710",Public,Commercial,Brevoortia ,161731,ACCSPHIST
1988,DELAWARE,MENHADENS **,"127,700",58,"8,107",Public,Commercial,Brevoortia ,161731,ACCSPHIST
1988,FLORIDA-EAST,MENHADENS **,"1,026,228",465,"78,920",Public,Commercial,Brevoortia ,161731,ACCSPHIST
1988,MAINE,MENHADENS **,"19,687,800","8,930","411,669",Public,Commercial,Brevoortia ,161731,ACCSPHIST
1988,MARYLAND,MENHADENS **,"6,430,200","2,917","358,839",Public,Commercial,Brevoortia ,161731,ACCSPHIST
1988,NEW HAMPSHIRE,MENHADENS **,"4,556",2,911,Public,Commercial,Brevoortia ,161731,ACCSPHIST
1988,NEW JERSEY,MENHADENS **,"1,984,200",900,"150,646",Public,Commercial,Brevoortia ,161731,ACCSPHIST
1988,NEW YORK,MENHADENS **,"504,100",229,"41,558",Public,Commercial,Brevoortia ,161731,ACCSPHIST
1988,NORTH CAROLINA,MENHADENS **,"73,715,713","33,437","2,566,832",Public,Commercial,Brevoortia ,161731,ACCSPHIST
1988,SOUTH CAROLINA,MENHADENS **,500,0,266,Public,Commercial,Brevoortia ,161731,ACCSPHIST
1988,VIRGINIA,MENHADENS **,"550,556,300","249,731","27,591,470",Public,Commercial,Brevoortia ,161731,ACCSPHIST
1987,CONNECTICUT,MENHADENS **,"94,900",43,"4,745",Public,Commercial,Brevoortia ,161731,ACCSPHIST
1987,DELAWARE,MENHADENS **,"22,100",10,"1,478",Public,Commercial,Brevoortia ,161731,ACCSPHIST
1987,FLORIDA-EAST,MENHADENS **,"2,776,822","1,260","207,556",Public,Commercial,Brevoortia ,161731,ACCSPHIST
1987,MAINE,MENHADENS **,"18,668,600","8,468","347,500",Public,Commercial,Brevoortia ,161731,ACCSPHIST
1987,MARYLAND,MENHADENS **,"5,793,700","2,628","349,763",Public,Commercial,Brevoortia ,161731,ACCSPHIST
1987,MASSACHUSETTS,MENHADENS **,"1,216,200",552,"36,624",Public,Commercial,Brevoortia ,161731,ACCSPHIST
1987,NEW JERSEY,MENHADENS **,"2,563,300","1,163","190,492",Public,Commercial,Brevoortia ,161731,ACCSPHIST
1987,NEW YORK,MENHADENS **,"206,795",94,"23,918",Public,Commercial,Brevoortia ,161731,ACCSPHIST
1987,NORTH CAROLINA,MENHADENS **,"55,498,571","25,174","1,624,511",Public,Commercial,Brevoortia ,161731,ACCSPHIST
1987,SOUTH CAROLINA,MENHADENS **,"3,934",2,561,Public,Commercial,Brevoortia ,161731,ACCSPHIST
1987,VIRGINIA,MENHADENS **,"615,523,000","279,199","30,732,694",Public,Commercial,Brevoortia ,161731,ACCSPHIST
1986,CONNECTICUT,MENHADENS **,"254,400",115,"12,720",Public,Commercial,Brevoortia ,161731,ACCSPHIST
1986,DELAWARE,MENHADENS **,"20,100",9,"1,202",Public,Commercial,Brevoortia ,161731,ACCSPHIST
1986,FLORIDA-EAST,MENHADENS **,"7,579,674","3,438","301,873",Public,Commercial,Brevoortia ,161731,ACCSPHIST
1986,MAINE,MENHADENS **,"22,614,600","10,258","380,826",Public,Commercial,Brevoortia ,161731,ACCSPHIST
1986,MARYLAND,MENHADENS **,"5,449,400","2,472","361,787",Public,Commercial,Brevoortia ,161731,ACCSPHIST
1986,NEW JERSEY,MENHADENS **,"2,453,600","1,113","180,629",Public,Commercial,Brevoortia ,161731,ACCSPHIST
1986,NEW YORK,MENHADENS **,"399,650",181,"45,626",Public,Commercial,Brevoortia ,161731,ACCSPHIST
1986,NORTH CAROLINA,MENHADENS **,"66,378,260","30,109","1,591,037",Public,Commercial,Brevoortia ,161731,ACCSPHIST
1986,SOUTH CAROLINA,MENHADENS **,"9,952",5,"1,972",Public,Commercial,Brevoortia ,161731,ACCSPHIST
1986,VIRGINIA,MENHADENS **,"445,674,400","202,157","22,815,277",Public,Commercial,Brevoortia ,161731,ACCSPHIST
1985,CONNECTICUT,MENHADENS **,"234,800",107,"11,740",Public,Commercial,Brevoortia ,161731,ACCSPHIST
1985,DELAWARE,MENHADENS **,"176,200",80,"14,096",Public,Commercial,Brevoortia ,161731,ACCSPHIST
1985,FLORIDA-EAST,MENHADENS **,"5,770,965","2,618","131,952",Public,Commercial,Brevoortia ,161731,ACCSPHIST
1985,MAINE,MENHADENS **,"33,192,800","15,056","677,403",Public,Commercial,Brevoortia ,161731,ACCSPHIST
1985,MARYLAND,MENHADENS **,"5,371,800","2,437","278,082",Public,Commercial,Brevoortia ,161731,ACCSPHIST
1985,NEW JERSEY,MENHADENS **,"2,879,800","1,306","177,862",Public,Commercial,Brevoortia ,161731,ACCSPHIST
1985,NEW YORK,MENHADENS **,"901,800",409,"99,523",Public,Commercial,Brevoortia ,161731,ACCSPHIST
1985,NORTH CAROLINA,MENHADENS **,"97,738,403","44,334","2,330,061",Public,Commercial,Brevoortia ,161731,ACCSPHIST
1985,SOUTH CAROLINA,MENHADENS **,"7,938",4,796,Public,Commercial,Brevoortia ,161731,ACCSPHIST
1985,VIRGINIA,MENHADENS **,"639,517,500","290,083","29,125,145",Public,Commercial,Brevoortia ,161731,ACCSPHIST
1984,CONNECTICUT,MENHADENS **,"186,900",85,"9,345",Public,Commercial,Brevoortia ,161731,ACCSPHIST
1984,DELAWARE,MENHADENS **,"208,000",94,"14,560",Public,Commercial,Brevoortia ,161731,ACCSPHIST
1984,FLORIDA-EAST,MENHADENS **,"8,478,658","3,846","233,130",Public,Commercial,Brevoortia ,161731,ACCSPHIST
1984,MAINE,MENHADENS **,"17,806,000","8,077","401,679",Public,Commercial,Brevoortia ,161731,ACCSPHIST
1984,MARYLAND,MENHADENS **,"5,363,800","2,433","269,320",Public,Commercial,Brevoortia ,161731,ACCSPHIST
1984,NEW JERSEY,MENHADENS **,"2,293,000","1,040","155,219",Public,Commercial,Brevoortia ,161731,ACCSPHIST
1984,NEW YORK,MENHADENS **,"692,500",314,"69,749",Public,Commercial,Brevoortia ,161731,ACCSPHIST
1984,NORTH CAROLINA,MENHADENS **,"157,667,480","71,517","4,745,831",Public,Commercial,Brevoortia ,161731,ACCSPHIST
1984,VIRGINIA,MENHADENS **,"485,834,900","220,373","25,320,859",Public,Commercial,Brevoortia ,161731,ACCSPHIST
1983,CONNECTICUT,MENHADENS **,"129,500",59,"6,475",Public,Commercial,Brevoortia ,161731,ACCSPHIST
1983,DELAWARE,MENHADENS **,"41,000",19,"2,460",Public,Commercial,Brevoortia ,161731,ACCSPHIST
1983,FLORIDA-EAST,MENHADENS **,"8,251,086","3,743","357,536",Public,Commercial,Brevoortia ,161731,ACCSPHIST
1983,MAINE,MENHADENS **,"42,448,100","19,254","845,981",Public,Commercial,Brevoortia ,161731,ACCSPHIST
1983,MARYLAND,MENHADENS **,"6,605,800","2,996","259,129",Public,Commercial,Brevoortia ,161731,ACCSPHIST
1983,NEW JERSEY,MENHADENS **,"1,581,600",717,"100,572",Public,Commercial,Brevoortia ,161731,ACCSPHIST
1983,NEW YORK,MENHADENS **,"216,300",98,"15,694",Public,Commercial,Brevoortia ,161731,ACCSPHIST
1983,NORTH CAROLINA,MENHADENS **,"177,973,440","80,728","6,167,878",Public,Commercial,Brevoortia ,161731,ACCSPHIST
1983,RHODE ISLAND,MENHADENS **,"120,800",55,"5,624",Public,Commercial,Brevoortia ,161731,ACCSPHIST
1983,SOUTH CAROLINA,MENHADENS **,"34,000",15,"5,450",Public,Commercial,Brevoortia ,161731,ACCSPHIST
1983,VIRGINIA,MENHADENS **,"644,713,200","292,440","28,392,913",Public,Commercial,Brevoortia ,161731,ACCSPHIST
1982,CONNECTICUT,MENHADENS **,"171,100",78,"8,555",Public,Commercial,Brevoortia ,161731,ACCSPHIST
1982,DELAWARE,MENHADENS **,"58,300",26,"4,370",Public,Commercial,Brevoortia ,161731,ACCSPHIST
1982,FLORIDA-EAST,MENHADENS **,"10,358,109","4,698","407,839",Public,Commercial,Brevoortia ,161731,ACCSPHIST
1982,GEORGIA,MENHADENS **,137,0,8,Public,Commercial,Brevoortia ,161731,ACCSPHIST
1982,MAINE,MENHADENS **,"47,894,600","21,725","968,487",Public,Commercial,Brevoortia ,161731,ACCSPHIST
1982,MARYLAND,MENHADENS **,"8,946,400","4,058","531,886",Public,Commercial,Brevoortia ,161731,ACCSPHIST
1982,MASSACHUSETTS,MENHADENS **,"23,079,600","10,469","504,500",Public,Commercial,Brevoortia ,161731,ACCSPHIST
1982,NEW JERSEY,MENHADENS **,"1,637,400",743,"125,075",Public,Commercial,Brevoortia ,161731,ACCSPHIST
1982,NEW YORK,MENHADENS **,"394,300",179,"24,462",Public,Commercial,Brevoortia ,161731,ACCSPHIST
1982,NORTH CAROLINA,MENHADENS **,"187,015,090","84,829","5,773,042",Public,Commercial,Brevoortia ,161731,ACCSPHIST
1982,RHODE ISLAND,MENHADENS **,"7,008,000","3,179","109,562",Public,Commercial,Brevoortia ,161731,ACCSPHIST
1982,VIRGINIA,MENHADENS **,"598,631,000","271,537","26,724,000",Public,Commercial,Brevoortia ,161731,ACCSPHIST
1981,CONNECTICUT,MENHADENS **,"151,400",69,"9,081",Public,Commercial,Brevoortia ,161731,ACCSPHIST
1981,FLORIDA-EAST,MENHADENS **,"15,447,665","7,007","630,023",Public,Commercial,Brevoortia ,161731,ACCSPHIST
1981,MAINE,MENHADENS **,"12,264,100","5,563","292,475",Public,Commercial,Brevoortia ,161731,ACCSPHIST
1981,MARYLAND,MENHADENS **,"10,701,100","4,854","632,017",Public,Commercial,Brevoortia ,161731,ACCSPHIST
1981,MASSACHUSETTS,MENHADENS **,"35,397,300","16,056","808,517",Public,Commercial,Brevoortia ,161731,ACCSPHIST
1981,NEW JERSEY,MENHADENS **,"103,280,400","46,848","4,057,200",Public,Commercial,Brevoortia ,161731,ACCSPHIST
1981,NEW YORK,MENHADENS **,"533,200",242,"30,103",Public,Commercial,Brevoortia ,161731,ACCSPHIST
1981,NORTH CAROLINA,MENHADENS **,"309,414,710","140,350","10,038,759",Public,Commercial,Brevoortia ,161731,ACCSPHIST
1981,RHODE ISLAND,MENHADENS **,"23,000",10,356,Public,Commercial,Brevoortia ,161731,ACCSPHIST
1981,SOUTH CAROLINA,MENHADENS **,"8,487",4,"1,110",Public,Commercial,Brevoortia ,161731,ACCSPHIST
1981,VIRGINIA,MENHADENS **,"400,708,000","181,760","17,152,000",Public,Commercial,Brevoortia ,161731,ACCSPHIST
1980,CONNECTICUT,MENHADENS **,"99,500",45,"4,987",Public,Commercial,Brevoortia ,161731,ACCSPHIST
1980,FLORIDA-EAST,MENHADENS **,"21,305,171","9,664","957,143",Public,Commercial,Brevoortia ,161731,ACCSPHIST
1980,MAINE,MENHADENS **,"18,805,900","8,530","450,475",Public,Commercial,Brevoortia ,161731,ACCSPHIST
1980,MARYLAND,MENHADENS **,"8,716,300","3,954","471,715",Public,Commercial,Brevoortia ,161731,ACCSPHIST
1980,MASSACHUSETTS,MENHADENS **,"43,351,000","19,664","952,888",Public,Commercial,Brevoortia ,161731,ACCSPHIST
1980,NEW JERSEY,MENHADENS **,"120,018,000","54,440","5,895,000",Public,Commercial,Brevoortia ,161731,ACCSPHIST
1980,NEW YORK,MENHADENS **,"881,700",400,"47,205",Public,Commercial,Brevoortia ,161731,ACCSPHIST
1980,NORTH CAROLINA,MENHADENS **,"196,920,370","89,322","7,139,327",Public,Commercial,Brevoortia ,161731,ACCSPHIST
1980,RHODE ISLAND,MENHADENS **,"45,800",21,"3,206",Public,Commercial,Brevoortia ,161731,ACCSPHIST
1980,VIRGINIA,MENHADENS **,"537,222,100","243,682","26,961,126",Public,Commercial,Brevoortia ,161731,ACCSPHIST
1979,CONNECTICUT,MENHADENS **,"100,200",45,"6,996",Public,Commercial,Brevoortia ,161731,ACCSPHIST
1979,DELAWARE,MENHADENS **,"47,700",22,"2,862",Public,Commercial,Brevoortia ,161731,ACCSPHIST
1979,FLORIDA-EAST,MENHADENS **,"5,035,025","2,284","232,193",Public,Commercial,Brevoortia ,161731,ACCSPHIST
1979,MAINE,MENHADENS **,"30,005,300","13,610","759,979",Public,Commercial,Brevoortia ,161731,ACCSPHIST
1979,MARYLAND,MENHADENS **,"5,608,100","2,544","265,556",Public,Commercial,Brevoortia ,161731,ACCSPHIST
1979,MASSACHUSETTS,MENHADENS **,"29,040,700","13,173","732,091",Public,Commercial,Brevoortia ,161731,ACCSPHIST
1979,NEW JERSEY,MENHADENS **,"103,280,500","46,848","3,288,883",Public,Commercial,Brevoortia ,161731,ACCSPHIST
1979,NEW YORK,MENHADENS **,"712,500",323,"38,996",Public,Commercial,Brevoortia ,161731,ACCSPHIST
1979,NORTH CAROLINA,MENHADENS **,"254,329,990","115,363","8,059,572",Public,Commercial,Brevoortia ,161731,ACCSPHIST
1979,RHODE ISLAND,MENHADENS **,"7,388,600","3,351","152,298",Public,Commercial,Brevoortia ,161731,ACCSPHIST
1979,SOUTH CAROLINA,MENHADENS **,"1,090",0,87,Public,Commercial,Brevoortia ,161731,ACCSPHIST
1979,VIRGINIA,MENHADENS **,"455,360,000","206,550","22,632,765",Public,Commercial,Brevoortia ,161731,ACCSPHIST
1978,CONNECTICUT,MENHADENS **,"85,100",39,"5,021",Public,Commercial,Brevoortia ,161731,ACCSPHIST
1978,DELAWARE,MENHADENS **,"29,700",13,"1,485",Public,Commercial,Brevoortia ,161731,ACCSPHIST
1978,FLORIDA-EAST,MENHADENS **,"13,034,474","5,912","557,894",Public,Commercial,Brevoortia ,161731,ACCSPHIST
1978,MAINE,MENHADENS **,"6,959,900","3,157","173,996",Public,Commercial,Brevoortia ,161731,ACCSPHIST
1978,MARYLAND,MENHADENS **,"7,115,900","3,228","291,665",Public,Commercial,Brevoortia ,161731,ACCSPHIST
1978,MASSACHUSETTS,MENHADENS **,"99,000",45,"2,476",Public,Commercial,Brevoortia ,161731,ACCSPHIST
1978,NEW JERSEY,MENHADENS **,"82,428,200","37,389","2,599,317",Public,Commercial,Brevoortia ,161731,ACCSPHIST
1978,NEW YORK,MENHADENS **,"239,600",109,"12,556",Public,Commercial,Brevoortia ,161731,ACCSPHIST
1978,NORTH CAROLINA,MENHADENS **,"192,324,170","87,238","7,498,037",Public,Commercial,Brevoortia ,161731,ACCSPHIST
1978,RHODE ISLAND,MENHADENS **,"13,181,600","5,979","281,075",Public,Commercial,Brevoortia ,161731,ACCSPHIST
1978,SOUTH CAROLINA,MENHADENS **,460,0,37,Public,Commercial,Brevoortia ,161731,ACCSPHIST
1978,VIRGINIA,MENHADENS **,"420,813,400","190,880","7,608,624",Public,Commercial,Brevoortia ,161731,ACCSPHIST
1977,CONNECTICUT,MENHADENS **,"106,600",48,"5,330",Public,Commercial,Brevoortia ,161731,ACCSPHIST
1977,DELAWARE,MENHADENS **,"24,600",11,984,Public,Commercial,Brevoortia ,161731,ACCSPHIST
1977,FLORIDA-EAST,MENHADENS **,"537,000",244,"27,733",Public,Commercial,Brevoortia ,161731,ACCSPHIST
1977,MAINE,MENHADENS **,"3,290,000","1,492","71,062",Public,Commercial,Brevoortia ,161731,ACCSPHIST
1977,MARYLAND,MENHADENS **,"8,381,100","3,802","289,816",Public,Commercial,Brevoortia ,161731,ACCSPHIST
1977,MASSACHUSETTS,MENHADENS **,"17,410,200","7,897","400,902",Public,Commercial,Brevoortia ,161731,ACCSPHIST
1977,NEW JERSEY,MENHADENS **,"97,508,900","44,230","3,444,730",Public,Commercial,Brevoortia ,161731,ACCSPHIST
1977,NEW YORK,MENHADENS **,"851,300",386,"42,106",Public,Commercial,Brevoortia ,161731,ACCSPHIST
1977,NORTH CAROLINA,MENHADENS **,"158,119,300","71,722","4,369,012",Public,Commercial,Brevoortia ,161731,ACCSPHIST
1977,RHODE ISLAND,MENHADENS **,"10,070,700","4,568","206,623",Public,Commercial,Brevoortia ,161731,ACCSPHIST
1977,SOUTH CAROLINA,MENHADENS **,100,0,7,Public,Commercial,Brevoortia ,161731,ACCSPHIST
1977,VIRGINIA,MENHADENS **,"501,273,600","227,376","19,858,697",Public,Commercial,Brevoortia ,161731,ACCSPHIST
1976,CONNECTICUT,MENHADENS **,"153,200",69,"7,655",Public,Commercial,Brevoortia ,161731,ACCSPHIST
1976,DELAWARE,MENHADENS **,"35,300",16,"1,404",Public,Commercial,Brevoortia ,161731,ACCSPHIST
1976,FLORIDA-EAST,MENHADENS **,"10,131,300","4,596","197,980",Public,Commercial,Brevoortia ,161731,ACCSPHIST
1976,MAINE,MENHADENS **,"17,552,600","7,962","299,775",Public,Commercial,Brevoortia ,161731,ACCSPHIST
1976,MARYLAND,MENHADENS **,"5,379,700","2,440","182,326",Public,Commercial,Brevoortia ,161731,ACCSPHIST
1976,MASSACHUSETTS,MENHADENS **,"28,594,200","12,970","465,070",Public,Commercial,Brevoortia ,161731,ACCSPHIST
1976,NEW JERSEY,MENHADENS **,"150,437,500","68,238","4,303,232",Public,Commercial,Brevoortia ,161731,ACCSPHIST
1976,NEW YORK,MENHADENS **,"1,013,500",460,"43,013",Public,Commercial,Brevoortia ,161731,ACCSPHIST
1976,NORTH CAROLINA,MENHADENS **,"134,902,400","61,191","4,534,354",Public,Commercial,Brevoortia ,161731,ACCSPHIST
1976,RHODE ISLAND,MENHADENS **,"12,712,900","5,767","194,314",Public,Commercial,Brevoortia ,161731,ACCSPHIST
1976,VIRGINIA,MENHADENS **,"440,760,700","199,928","12,998,775",Public,Commercial,Brevoortia ,161731,ACCSPHIST
1975,CONNECTICUT,MENHADENS **,"515,300",234,"25,198",Public,Commercial,Brevoortia ,161731,ACCSPHIST
1975,DELAWARE,MENHADENS **,"20,500",9,821,Public,Commercial,Brevoortia ,161731,ACCSPHIST
1975,FLORIDA-EAST,MENHADENS **,"12,750,500","5,784","298,203",Public,Commercial,Brevoortia ,161731,ACCSPHIST
1975,MAINE,MENHADENS **,"13,958,300","6,331","195,416",Public,Commercial,Brevoortia ,161731,ACCSPHIST
1975,MARYLAND,MENHADENS **,"6,105,900","2,770","163,300",Public,Commercial,Brevoortia ,161731,ACCSPHIST
1975,MASSACHUSETTS,MENHADENS **,"20,815,400","9,442","274,599",Public,Commercial,Brevoortia ,161731,ACCSPHIST
1975,NEW JERSEY,MENHADENS **,"65,933,800","29,907","1,719,176",Public,Commercial,Brevoortia ,161731,ACCSPHIST
1975,NEW YORK,MENHADENS **,"1,076,400",488,"42,135",Public,Commercial,Brevoortia ,161731,ACCSPHIST
1975,NORTH CAROLINA,MENHADENS **,"153,805,200","69,766","3,258,977",Public,Commercial,Brevoortia ,161731,ACCSPHIST
1975,RHODE ISLAND,MENHADENS **,"15,577,600","7,066","194,557",Public,Commercial,Brevoortia ,161731,ACCSPHIST
1975,SOUTH CAROLINA,MENHADENS **,"339,600",154,"13,506",Public,Commercial,Brevoortia ,161731,ACCSPHIST
1975,VIRGINIA,MENHADENS **,"315,783,300","143,238","7,717,046",Public,Commercial,Brevoortia ,161731,ACCSPHIST
1974,CONNECTICUT,MENHADENS **,"535,000",243,"26,873",Public,Commercial,Brevoortia ,161731,ACCSPHIST
1974,DELAWARE,MENHADENS **,"12,600",6,452,Public,Commercial,Brevoortia ,161731,ACCSPHIST
1974,FLORIDA-EAST,MENHADENS **,"12,636,900","5,732","400,759",Public,Commercial,Brevoortia ,161731,ACCSPHIST
1974,MAINE,MENHADENS **,"10,148,600","4,603","155,089",Public,Commercial,Brevoortia ,161731,ACCSPHIST
1974,MARYLAND,MENHADENS **,"5,523,100","2,505","140,607",Public,Commercial,Brevoortia ,161731,ACCSPHIST
1974,MASSACHUSETTS,MENHADENS **,"47,032,600","21,334","716,741",Public,Commercial,Brevoortia ,161731,ACCSPHIST
1974,NEW JERSEY,MENHADENS **,"107,307,400","48,674","2,734,829",Public,Commercial,Brevoortia ,161731,ACCSPHIST
1974,NEW YORK,MENHADENS **,"576,300",261,"17,480",Public,Commercial,Brevoortia ,161731,ACCSPHIST
1974,NORTH CAROLINA,MENHADENS **,"121,197,700","54,975","2,886,563",Public,Commercial,Brevoortia ,161731,ACCSPHIST
1974,RHODE ISLAND,MENHADENS **,"20,725,500","9,401","299,245",Public,Commercial,Brevoortia ,161731,ACCSPHIST
1974,SOUTH CAROLINA,MENHADENS **,"1,600",1,159,Public,Commercial,Brevoortia ,161731,ACCSPHIST
1974,VIRGINIA,MENHADENS **,"379,251,700","172,027","11,230,030",Public,Commercial,Brevoortia ,161731,ACCSPHIST
1973,CONNECTICUT,MENHADENS **,"575,600",261,"28,722",Public,Commercial,Brevoortia ,161731,ACCSPHIST
1973,DELAWARE,MENHADENS **,"32,600",15,"1,108",Public,Commercial,Brevoortia ,161731,ACCSPHIST
1973,FLORIDA-EAST,MENHADENS **,"18,280,300","8,292","592,173",Public,Commercial,Brevoortia ,161731,ACCSPHIST
1973,MAINE,MENHADENS **,"6,935,500","3,146","143,693",Public,Commercial,Brevoortia ,161731,ACCSPHIST
1973,MARYLAND,MENHADENS **,"9,657,300","4,381","215,795",Public,Commercial,Brevoortia ,161731,ACCSPHIST
1973,MASSACHUSETTS,MENHADENS **,"43,173,200","19,583","860,547",Public,Commercial,Brevoortia ,161731,ACCSPHIST
1973,NEW JERSEY,MENHADENS **,"154,483,200","70,073","3,939,308",Public,Commercial,Brevoortia ,161731,ACCSPHIST
1973,NEW YORK,MENHADENS **,"1,734,100",787,"52,124",Public,Commercial,Brevoortia ,161731,ACCSPHIST
1973,NORTH CAROLINA,MENHADENS **,"66,943,000","30,365","2,539,604",Public,Commercial,Brevoortia ,161731,ACCSPHIST
1973,RHODE ISLAND,MENHADENS **,"15,962,000","7,240","303,984",Public,Commercial,Brevoortia ,161731,ACCSPHIST
1973,VIRGINIA,MENHADENS **,"495,962,600","224,967","20,395,798",Public,Commercial,Brevoortia ,161731,ACCSPHIST
1972,CONNECTICUT,MENHADENS **,"369,100",167,"18,452",Public,Commercial,Brevoortia ,161731,ACCSPHIST
1972,DELAWARE,MENHADENS **,"29,300",13,961,Public,Commercial,Brevoortia ,161731,ACCSPHIST
1972,FLORIDA-EAST,MENHADENS **,"21,257,000","9,642","282,592",Public,Commercial,Brevoortia ,161731,ACCSPHIST
1972,MARYLAND,MENHADENS **,"7,104,300","3,222","142,468",Public,Commercial,Brevoortia ,161731,ACCSPHIST
1972,MASSACHUSETTS,MENHADENS **,"11,919,700","5,407","184,070",Public,Commercial,Brevoortia ,161731,ACCSPHIST
1972,NEW JERSEY,MENHADENS **,"138,475,800","62,812","2,262,142",Public,Commercial,Brevoortia ,161731,ACCSPHIST
1972,NEW YORK,MENHADENS **,"1,775,200",805,"53,252",Public,Commercial,Brevoortia ,161731,ACCSPHIST
1972,NORTH CAROLINA,MENHADENS **,"84,692,100","38,416","1,219,329",Public,Commercial,Brevoortia ,161731,ACCSPHIST
1972,RHODE ISLAND,MENHADENS **,"18,402,900","8,348","213,916",Public,Commercial,Brevoortia ,161731,ACCSPHIST
1972,SOUTH CAROLINA,MENHADENS **,"2,100",1,105,Public,Commercial,Brevoortia ,161731,ACCSPHIST
1972,VIRGINIA,MENHADENS **,"549,396,700","249,205","9,179,565",Public,Commercial,Brevoortia ,161731,ACCSPHIST
1971,CONNECTICUT,MENHADENS **,"353,400",160,"17,660",Public,Commercial,Brevoortia ,161731,ACCSPHIST
1971,FLORIDA-EAST,MENHADENS **,"19,789,100","8,976","300,091",Public,Commercial,Brevoortia ,161731,ACCSPHIST
1971,MARYLAND,MENHADENS **,"5,957,600","2,702","119,294",Public,Commercial,Brevoortia ,161731,ACCSPHIST
1971,MASSACHUSETTS,MENHADENS **,"6,311,600","2,863","116,524",Public,Commercial,Brevoortia ,161731,ACCSPHIST
1971,NEW JERSEY,MENHADENS **,"60,563,200","27,471","1,045,100",Public,Commercial,Brevoortia ,161731,ACCSPHIST
1971,NEW YORK,MENHADENS **,"999,300",453,"36,871",Public,Commercial,Brevoortia ,161731,ACCSPHIST
1971,NORTH CAROLINA,MENHADENS **,"79,488,200","36,056","1,116,093",Public,Commercial,Brevoortia ,161731,ACCSPHIST
1971,RHODE ISLAND,MENHADENS **,"19,228,100","8,722","209,409",Public,Commercial,Brevoortia ,161731,ACCSPHIST
1971,SOUTH CAROLINA,MENHADENS **,"12,000",5,240,Public,Commercial,Brevoortia ,161731,ACCSPHIST
1971,VIRGINIA,MENHADENS **,"394,144,900","178,783","6,430,802",Public,Commercial,Brevoortia ,161731,ACCSPHIST
1970,CONNECTICUT,MENHADENS **,"128,300",58,"3,284",Public,Commercial,Brevoortia ,161731,ACCSPHIST
1970,FLORIDA-EAST,MENHADENS **,"28,007,900","12,704","370,447",Public,Commercial,Brevoortia ,161731,ACCSPHIST
1970,MARYLAND,MENHADENS **,"3,836,900","1,740","113,920",Public,Commercial,Brevoortia ,161731,ACCSPHIST
1970,MASSACHUSETTS,MENHADENS **,"980,400",445,"13,216",Public,Commercial,Brevoortia ,161731,ACCSPHIST
1970,NEW JERSEY,MENHADENS **,"30,727,800","13,938","592,261",Public,Commercial,Brevoortia ,161731,ACCSPHIST
1970,NEW YORK,MENHADENS **,"741,800",336,"33,562",Public,Commercial,Brevoortia ,161731,ACCSPHIST
1970,NORTH CAROLINA,MENHADENS **,"108,235,200","49,095","1,570,489",Public,Commercial,Brevoortia ,161731,ACCSPHIST
1970,RHODE ISLAND,MENHADENS **,"9,397,900","4,263","120,108",Public,Commercial,Brevoortia ,161731,ACCSPHIST
1970,SOUTH CAROLINA,MENHADENS **,"10,000",5,100,Public,Commercial,Brevoortia ,161731,ACCSPHIST
1970,VIRGINIA,MENHADENS **,"445,959,900","202,286","7,523,581",Public,Commercial,Brevoortia ,161731,ACCSPHIST
1969,CONNECTICUT,MENHADENS **,"12,800",6,410,Public,Commercial,Brevoortia ,161731,ACCSPHIST
1969,FLORIDA-EAST,MENHADENS **,"19,394,100","8,797","258,713",Public,Commercial,Brevoortia ,161731,ACCSPHIST
1969,MARYLAND,MENHADENS **,"3,456,400","1,568","98,279",Public,Commercial,Brevoortia ,161731,ACCSPHIST
1969,MASSACHUSETTS,MENHADENS **,"11,500",5,186,Public,Commercial,Brevoortia ,161731,ACCSPHIST
1969,NEW JERSEY,MENHADENS **,"33,993,300","15,419","613,715",Public,Commercial,Brevoortia ,161731,ACCSPHIST
1969,NEW YORK,MENHADENS **,"9,762,400","4,428","229,940",Public,Commercial,Brevoortia ,161731,ACCSPHIST
1969,NORTH CAROLINA,MENHADENS **,"145,235,000","65,878","2,227,738",Public,Commercial,Brevoortia ,161731,ACCSPHIST
1969,RHODE ISLAND,MENHADENS **,"21,400",10,644,Public,Commercial,Brevoortia ,161731,ACCSPHIST
1969,SOUTH CAROLINA,MENHADENS **,"245,000",111,"3,675",Public,Commercial,Brevoortia ,161731,ACCSPHIST
1969,VIRGINIA,MENHADENS **,"178,195,300","80,829","2,724,020",Public,Commercial,Brevoortia ,161731,ACCSPHIST
1968,CONNECTICUT,MENHADENS **,300,0,20,Public,Commercial,Brevoortia ,161731,ACCSPHIST
1968,FLORIDA-EAST,MENHADENS **,"23,940,000","10,859","236,469",Public,Commercial,Brevoortia ,161731,ACCSPHIST
1968,MARYLAND,MENHADENS **,"4,360,300","1,978","92,076",Public,Commercial,Brevoortia ,161731,ACCSPHIST
1968,MASSACHUSETTS,MENHADENS **,"7,600",3,112,Public,Commercial,Brevoortia ,161731,ACCSPHIST
1968,NEW JERSEY,MENHADENS **,"68,477,500","31,061","963,539",Public,Commercial,Brevoortia ,161731,ACCSPHIST
1968,NEW YORK,MENHADENS **,"17,784,800","8,067","193,784",Public,Commercial,Brevoortia ,161731,ACCSPHIST
1968,NORTH CAROLINA,MENHADENS **,"167,189,100","75,836","1,957,865",Public,Commercial,Brevoortia ,161731,ACCSPHIST
1968,RHODE ISLAND,MENHADENS **,"14,600",7,224,Public,Commercial,Brevoortia ,161731,ACCSPHIST
1968,SOUTH CAROLINA,MENHADENS **,"252,600",115,"5,052",Public,Commercial,Brevoortia ,161731,ACCSPHIST
1968,VIRGINIA,MENHADENS **,"269,717,200","122,343","3,618,475",Public,Commercial,Brevoortia ,161731,ACCSPHIST
1967,CONNECTICUT,MENHADENS **,"2,100",1,71,Public,Commercial,Brevoortia ,161731,ACCSPHIST
1967,FLORIDA-EAST,MENHADENS **,"43,296,700","19,639","427,239",Public,Commercial,Brevoortia ,161731,ACCSPHIST
1967,MARYLAND,MENHADENS **,"3,000,500","1,361","59,788",Public,Commercial,Brevoortia ,161731,ACCSPHIST
1967,MASSACHUSETTS,MENHADENS **,"21,000",10,525,Public,Commercial,Brevoortia ,161731,ACCSPHIST
1967,NEW JERSEY,MENHADENS **,"45,895,700","20,818","643,631",Public,Commercial,Brevoortia ,161731,ACCSPHIST
1967,NEW YORK,MENHADENS **,"642,000",291,"26,633",Public,Commercial,Brevoortia ,161731,ACCSPHIST
1967,NORTH CAROLINA,MENHADENS **,"150,480,700","68,258","1,693,735",Public,Commercial,Brevoortia ,161731,ACCSPHIST
1967,RHODE ISLAND,MENHADENS **,"12,800",6,269,Public,Commercial,Brevoortia ,161731,ACCSPHIST
1967,VIRGINIA,MENHADENS **,"220,266,900","99,912","2,993,441",Public,Commercial,Brevoortia ,161731,ACCSPHIST
1966,CONNECTICUT,MENHADENS **,"2,000",1,54,Public,Commercial,Brevoortia ,161731,ACCSPHIST
1966,DELAWARE,MENHADENS **,"4,230,800","1,919","52,712",Public,Commercial,Brevoortia ,161731,ACCSPHIST
1966,FLORIDA-EAST,MENHADENS **,"32,589,700","14,783","449,576",Public,Commercial,Brevoortia ,161731,ACCSPHIST
1966,MARYLAND,MENHADENS **,"5,504,500","2,497","126,027",Public,Commercial,Brevoortia ,161731,ACCSPHIST
1966,MASSACHUSETTS,MENHADENS **,"2,800",1,34,Public,Commercial,Brevoortia ,161731,ACCSPHIST
1966,NEW JERSEY,MENHADENS **,"12,914,700","5,858","263,901",Public,Commercial,Brevoortia ,161731,ACCSPHIST
1966,NEW YORK,MENHADENS **,"4,870,100","2,209","81,742",Public,Commercial,Brevoortia ,161731,ACCSPHIST
1966,NORTH CAROLINA,MENHADENS **,"182,288,900","82,686","2,537,808",Public,Commercial,Brevoortia ,161731,ACCSPHIST
1966,RHODE ISLAND,MENHADENS **,"9,000",4,338,Public,Commercial,Brevoortia ,161731,ACCSPHIST
1966,SOUTH CAROLINA,MENHADENS **,"235,000",107,"4,700",Public,Commercial,Brevoortia ,161731,ACCSPHIST
1966,VIRGINIA,MENHADENS **,"272,390,500","123,556","4,324,685",Public,Commercial,Brevoortia ,161731,ACCSPHIST
1965,CONNECTICUT,MENHADENS **,"3,600",2,68,Public,Commercial,Brevoortia ,161731,ACCSPHIST
1965,DELAWARE,MENHADENS **,"46,497,400","21,091","579,213",Public,Commercial,Brevoortia ,161731,ACCSPHIST
1965,FLORIDA-EAST,MENHADENS **,"31,669,700","14,365","429,527",Public,Commercial,Brevoortia ,161731,ACCSPHIST
1965,MARYLAND,MENHADENS **,"8,332,800","3,780","153,037",Public,Commercial,Brevoortia ,161731,ACCSPHIST
1965,MASSACHUSETTS,MENHADENS **,"9,100",4,96,Public,Commercial,Brevoortia ,161731,ACCSPHIST
1965,NEW JERSEY,MENHADENS **,"74,373,100","33,735","1,270,876",Public,Commercial,Brevoortia ,161731,ACCSPHIST
1965,NEW YORK,MENHADENS **,"30,139,600","13,671","417,407",Public,Commercial,Brevoortia ,161731,ACCSPHIST
1965,NORTH CAROLINA,MENHADENS **,"160,595,300","72,846","2,072,174",Public,Commercial,Brevoortia ,161731,ACCSPHIST
1965,RHODE ISLAND,MENHADENS **,"7,400",3,98,Public,Commercial,Brevoortia ,161731,ACCSPHIST
1965,SOUTH CAROLINA,MENHADENS **,"10,000",5,200,Public,Commercial,Brevoortia ,161731,ACCSPHIST
1965,VIRGINIA,MENHADENS **,"351,613,300","159,491","5,248,867",Public,Commercial,Brevoortia ,161731,ACCSPHIST
1964,CONNECTICUT,MENHADENS **,"3,900",2,73,Public,Commercial,Brevoortia ,161731,ACCSPHIST
1964,DELAWARE,MENHADENS **,"32,554,000","14,766","378,494",Public,Commercial,Brevoortia ,161731,ACCSPHIST
1964,FLORIDA-EAST,MENHADENS **,"17,154,500","7,781","187,411",Public,Commercial,Brevoortia ,161731,ACCSPHIST
1964,MARYLAND,MENHADENS **,"5,706,300","2,588","91,139",Public,Commercial,Brevoortia ,161731,ACCSPHIST
1964,MASSACHUSETTS,MENHADENS **,"2,100",1,35,Public,Commercial,Brevoortia ,161731,ACCSPHIST
1964,NEW JERSEY,MENHADENS **,"64,278,700","29,157","969,552",Public,Commercial,Brevoortia ,161731,ACCSPHIST
1964,NEW YORK,MENHADENS **,"42,424,700","19,244","516,226",Public,Commercial,Brevoortia ,161731,ACCSPHIST
1964,NORTH CAROLINA,MENHADENS **,"172,991,700","78,469","2,248,892",Public,Commercial,Brevoortia ,161731,ACCSPHIST
1964,VIRGINIA,MENHADENS **,"330,708,500","150,008","4,798,343",Public,Commercial,Brevoortia ,161731,ACCSPHIST
1963,CONNECTICUT,MENHADENS **,"5,100",2,110,Public,Commercial,Brevoortia ,161731,ACCSPHIST
1963,DELAWARE,MENHADENS **,"102,823,600","46,640","1,059,083",Public,Commercial,Brevoortia ,161731,ACCSPHIST
1963,FLORIDA-EAST,MENHADENS **,"25,672,400","11,645","262,995",Public,Commercial,Brevoortia ,161731,ACCSPHIST
1963,MARYLAND,MENHADENS **,"3,292,900","1,494","53,511",Public,Commercial,Brevoortia ,161731,ACCSPHIST
1963,MASSACHUSETTS,MENHADENS **,"344,600",156,"3,503",Public,Commercial,Brevoortia ,161731,ACCSPHIST
1963,NEW JERSEY,MENHADENS **,"178,377,100","80,911","2,196,978",Public,Commercial,Brevoortia ,161731,ACCSPHIST
1963,NEW YORK,MENHADENS **,"91,650,500","41,572","1,013,679",Public,Commercial,Brevoortia ,161731,ACCSPHIST
1963,NORTH CAROLINA,MENHADENS **,"190,213,800","86,280","2,326,005",Public,Commercial,Brevoortia ,161731,ACCSPHIST
1963,RHODE ISLAND,MENHADENS **,"2,800",1,28,Public,Commercial,Brevoortia ,161731,ACCSPHIST
1963,VIRGINIA,MENHADENS **,"255,721,900","115,995","3,295,035",Public,Commercial,Brevoortia ,161731,ACCSPHIST
1962,CONNECTICUT,MENHADENS **,"4,600",2,57,Public,Commercial,Brevoortia ,161731,ACCSPHIST
1962,DELAWARE,MENHADENS **,"268,704,000","121,883","2,782,437",Public,Commercial,Brevoortia ,161731,ACCSPHIST
1962,FLORIDA-EAST,MENHADENS **,"34,270,600","15,545","321,277",Public,Commercial,Brevoortia ,161731,ACCSPHIST
1962,MARYLAND,MENHADENS **,"4,316,100","1,958","76,525",Public,Commercial,Brevoortia ,161731,ACCSPHIST
1962,MASSACHUSETTS,MENHADENS **,"16,031,900","7,272","158,813",Public,Commercial,Brevoortia ,161731,ACCSPHIST
1962,NEW JERSEY,MENHADENS **,"375,526,600","170,338","3,901,547",Public,Commercial,Brevoortia ,161731,ACCSPHIST
1962,NEW YORK,MENHADENS **,"138,256,200","62,713","1,263,217",Public,Commercial,Brevoortia ,161731,ACCSPHIST
1962,NORTH CAROLINA,MENHADENS **,"122,898,100","55,746","1,364,169",Public,Commercial,Brevoortia ,161731,ACCSPHIST
1962,RHODE ISLAND,MENHADENS **,"7,715,900","3,500","63,710",Public,Commercial,Brevoortia ,161731,ACCSPHIST
1962,VIRGINIA,MENHADENS **,"323,594,200","146,781","3,884,105",Public,Commercial,Brevoortia ,161731,ACCSPHIST
1961,CONNECTICUT,MENHADENS **,"12,300",6,139,Public,Commercial,Brevoortia ,161731,ACCSPHIST
1961,DELAWARE,MENHADENS **,"302,773,000","137,337","3,356,200",Public,Commercial,Brevoortia ,161731,ACCSPHIST
1961,FLORIDA-EAST,MENHADENS **,"32,950,100","14,946","272,969",Public,Commercial,Brevoortia ,161731,ACCSPHIST
1961,MARYLAND,MENHADENS **,"3,577,700","1,623","59,227",Public,Commercial,Brevoortia ,161731,ACCSPHIST
1961,MASSACHUSETTS,MENHADENS **,"3,362,800","1,525","29,858",Public,Commercial,Brevoortia ,161731,ACCSPHIST
1961,NEW JERSEY,MENHADENS **,"328,208,000","148,874","3,625,459",Public,Commercial,Brevoortia ,161731,ACCSPHIST
1961,NEW YORK,MENHADENS **,"84,068,000","38,133","949,403",Public,Commercial,Brevoortia ,161731,ACCSPHIST
1961,NORTH CAROLINA,MENHADENS **,"221,555,400","100,497","2,414,953",Public,Commercial,Brevoortia ,161731,ACCSPHIST
1961,RHODE ISLAND,MENHADENS **,"22,635,600","10,267","192,440",Public,Commercial,Brevoortia ,161731,ACCSPHIST
1961,VIRGINIA,MENHADENS **,"295,101,100","133,857","3,087,153",Public,Commercial,Brevoortia ,161731,ACCSPHIST
1960,CONNECTICUT,MENHADENS **,"13,000",6,181,Public,Commercial,Brevoortia ,161731,ACCSPHIST
1960,DELAWARE,MENHADENS **,"280,711,000","127,330","2,750,966",Public,Commercial,Brevoortia ,161731,ACCSPHIST
1960,FLORIDA-EAST,MENHADENS **,"24,592,000","11,155","203,741",Public,Commercial,Brevoortia ,161731,ACCSPHIST
1960,MAINE,MENHADENS **,"35,000",16,625,Public,Commercial,Brevoortia ,161731,ACCSPHIST
1960,MARYLAND,MENHADENS **,"2,903,900","1,317","49,366",Public,Commercial,Brevoortia ,161731,ACCSPHIST
1960,MASSACHUSETTS,MENHADENS **,"18,032,200","8,179","173,709",Public,Commercial,Brevoortia ,161731,ACCSPHIST
1960,NEW JERSEY,MENHADENS **,"305,926,700","138,767","2,956,964",Public,Commercial,Brevoortia ,161731,ACCSPHIST
1960,NEW YORK,MENHADENS **,"84,161,000","38,175","847,682",Public,Commercial,Brevoortia ,161731,ACCSPHIST
1960,NORTH CAROLINA,MENHADENS **,"190,431,300","86,379","1,980,480",Public,Commercial,Brevoortia ,161731,ACCSPHIST
1960,RHODE ISLAND,MENHADENS **,"24,549,000","11,135","220,965",Public,Commercial,Brevoortia ,161731,ACCSPHIST
1960,VIRGINIA,MENHADENS **,"246,001,300","111,585","2,221,029",Public,Commercial,Brevoortia ,161731,ACCSPHIST
1959,CONNECTICUT,MENHADENS **,"21,400",10,269,Public,Commercial,Brevoortia ,161731,ACCSPHIST
1959,DELAWARE,MENHADENS **,"281,141,000","127,525","3,149,053",Public,Commercial,Brevoortia ,161731,ACCSPHIST
1959,FLORIDA-EAST,MENHADENS **,"46,636,900","21,154","362,091",Public,Commercial,Brevoortia ,161731,ACCSPHIST
1959,MARYLAND,MENHADENS **,"2,203,300",999,"33,049",Public,Commercial,Brevoortia ,161731,ACCSPHIST
1959,MASSACHUSETTS,MENHADENS **,"36,584,900","16,595","504,668",Public,Commercial,Brevoortia ,161731,ACCSPHIST
1959,NEW JERSEY,MENHADENS **,"296,099,600","134,310","3,459,653",Public,Commercial,Brevoortia ,161731,ACCSPHIST
1959,NEW YORK,MENHADENS **,"75,783,300","34,375","958,633",Public,Commercial,Brevoortia ,161731,ACCSPHIST
1959,NORTH CAROLINA,MENHADENS **,"279,887,800","126,956","3,246,699",Public,Commercial,Brevoortia ,161731,ACCSPHIST
1959,RHODE ISLAND,MENHADENS **,"16,245,000","7,369","194,924",Public,Commercial,Brevoortia ,161731,ACCSPHIST
1959,SOUTH CAROLINA,MENHADENS **,"3,991,200","1,810","28,737",Public,Commercial,Brevoortia ,161731,ACCSPHIST
1959,VIRGINIA,MENHADENS **,"412,302,100","187,019","4,373,357",Public,Commercial,Brevoortia ,161731,ACCSPHIST
1958,CONNECTICUT,MENHADENS **,"22,200",10,360,Public,Commercial,Brevoortia ,161731,ACCSPHIST
1958,DELAWARE,MENHADENS **,"269,667,000","122,320","3,775,337",Public,Commercial,Brevoortia ,161731,ACCSPHIST
1958,FLORIDA-EAST,MENHADENS **,"7,871,100","3,570","84,202",Public,Commercial,Brevoortia ,161731,ACCSPHIST
1958,MARYLAND,MENHADENS **,"2,273,800","1,031","22,736",Public,Commercial,Brevoortia ,161731,ACCSPHIST
1958,MASSACHUSETTS,MENHADENS **,"3,917,300","1,777","53,547",Public,Commercial,Brevoortia ,161731,ACCSPHIST
1958,NEW JERSEY,MENHADENS **,"200,550,300","90,969","2,542,525",Public,Commercial,Brevoortia ,161731,ACCSPHIST
1958,NEW YORK,MENHADENS **,"55,299,000","25,083","778,244",Public,Commercial,Brevoortia ,161731,ACCSPHIST
1958,NORTH CAROLINA,MENHADENS **,"235,384,500","106,770","3,483,690",Public,Commercial,Brevoortia ,161731,ACCSPHIST
1958,RHODE ISLAND,MENHADENS **,"9,914,300","4,497","119,143",Public,Commercial,Brevoortia ,161731,ACCSPHIST
1958,SOUTH CAROLINA,MENHADENS **,"861,400",391,"9,734",Public,Commercial,Brevoortia ,161731,ACCSPHIST
1958,VIRGINIA,MENHADENS **,"320,511,700","145,383","4,304,849",Public,Commercial,Brevoortia ,161731,ACCSPHIST
1957,CONNECTICUT,MENHADENS **,"32,500",15,470,Public,Commercial,Brevoortia ,161731,ACCSPHIST
1957,DELAWARE,MENHADENS **,"286,272,200","129,852","3,665,717",Public,Commercial,Brevoortia ,161731,ACCSPHIST
1957,FLORIDA-EAST,MENHADENS **,"16,852,200","7,644","191,238",Public,Commercial,Brevoortia ,161731,ACCSPHIST
1957,MAINE,MENHADENS **,"273,400",124,"3,418",Public,Commercial,Brevoortia ,161731,ACCSPHIST
1957,MARYLAND,MENHADENS **,"2,398,700","1,088","35,979",Public,Commercial,Brevoortia ,161731,ACCSPHIST
1957,MASSACHUSETTS,MENHADENS **,"21,704,500","9,845","292,380",Public,Commercial,Brevoortia ,161731,ACCSPHIST
1957,NEW JERSEY,MENHADENS **,"418,512,200","189,836","5,118,091",Public,Commercial,Brevoortia ,161731,ACCSPHIST
1957,NEW YORK,MENHADENS **,"116,770,500","52,967","1,659,596",Public,Commercial,Brevoortia ,161731,ACCSPHIST
1957,NORTH CAROLINA,MENHADENS **,"172,522,300","78,256","2,380,826",Public,Commercial,Brevoortia ,161731,ACCSPHIST
1957,RHODE ISLAND,MENHADENS **,"19,777,700","8,971","235,837",Public,Commercial,Brevoortia ,161731,ACCSPHIST
1957,SOUTH CAROLINA,MENHADENS **,"7,027,000","3,187","66,054",Public,Commercial,Brevoortia ,161731,ACCSPHIST
1957,VIRGINIA,MENHADENS **,"265,453,100","120,409","3,120,259",Public,Commercial,Brevoortia ,161731,ACCSPHIST
1956,CONNECTICUT,MENHADENS **,"22,500",10,255,Public,Commercial,Brevoortia ,161731,ACCSPHIST
1956,DELAWARE,MENHADENS **,"352,946,700","160,096","4,624,495",Public,Commercial,Brevoortia ,161731,ACCSPHIST
1956,FLORIDA-EAST,MENHADENS **,"67,998,300","30,844","538,998",Public,Commercial,Brevoortia ,161731,ACCSPHIST
1956,MAINE,MENHADENS **,"1,216,400",552,"15,347",Public,Commercial,Brevoortia ,161731,ACCSPHIST
1956,MARYLAND,MENHADENS **,"1,375,300",624,"27,507",Public,Commercial,Brevoortia ,161731,ACCSPHIST
1956,MASSACHUSETTS,MENHADENS **,"66,407,000","30,122","856,297",Public,Commercial,Brevoortia ,161731,ACCSPHIST
1956,NEW JERSEY,MENHADENS **,"486,224,400","220,550","6,335,404",Public,Commercial,Brevoortia ,161731,ACCSPHIST
1956,NEW YORK,MENHADENS **,"114,397,000","51,890","1,687,634",Public,Commercial,Brevoortia ,161731,ACCSPHIST
1956,NORTH CAROLINA,MENHADENS **,"246,647,900","111,879","3,379,080",Public,Commercial,Brevoortia ,161731,ACCSPHIST
1956,RHODE ISLAND,MENHADENS **,"11,122,000","5,045","131,743",Public,Commercial,Brevoortia ,161731,ACCSPHIST
1956,VIRGINIA,MENHADENS **,"189,047,100","85,751","2,424,379",Public,Commercial,Brevoortia ,161731,ACCSPHIST
1955,CONNECTICUT,MENHADENS **,"43,300",20,553,Public,Commercial,Brevoortia ,161731,ACCSPHIST
1955,DELAWARE,MENHADENS **,"307,475,800","139,470","4,091,457",Public,Commercial,Brevoortia ,161731,ACCSPHIST
1955,FLORIDA-EAST,MENHADENS **,"36,254,300","16,445","354,774",Public,Commercial,Brevoortia ,161731,ACCSPHIST
1955,MAINE,MENHADENS **,"4,016,100","1,822","42,206",Public,Commercial,Brevoortia ,161731,ACCSPHIST
1955,MARYLAND,MENHADENS **,"1,939,900",880,"38,799",Public,Commercial,Brevoortia ,161731,ACCSPHIST
1955,MASSACHUSETTS,MENHADENS **,"61,392,900","27,848","823,938",Public,Commercial,Brevoortia ,161731,ACCSPHIST
1955,NEW JERSEY,MENHADENS **,"366,734,600","166,350","4,684,344",Public,Commercial,Brevoortia ,161731,ACCSPHIST
1955,NEW YORK,MENHADENS **,"89,616,300","40,650","1,464,421",Public,Commercial,Brevoortia ,161731,ACCSPHIST
1955,NORTH CAROLINA,MENHADENS **,"184,918,700","83,879","2,292,993",Public,Commercial,Brevoortia ,161731,ACCSPHIST
1955,RHODE ISLAND,MENHADENS **,"14,341,500","6,505","179,150",Public,Commercial,Brevoortia ,161731,ACCSPHIST
1955,SOUTH CAROLINA,MENHADENS **,"6,637,700","3,011","59,739",Public,Commercial,Brevoortia ,161731,ACCSPHIST
1955,VIRGINIA,MENHADENS **,"313,419,400","142,166","3,714,988",Public,Commercial,Brevoortia ,161731,ACCSPHIST
1954,CONNECTICUT,MENHADENS **,"69,900",32,"1,001",Public,Commercial,Brevoortia ,161731,ACCSPHIST
1954,DELAWARE,MENHADENS **,"306,479,600","139,018","4,476,741",Public,Commercial,Brevoortia ,161731,ACCSPHIST
1954,FLORIDA-EAST,MENHADENS **,"42,009,200","19,055","487,308",Public,Commercial,Brevoortia ,161731,ACCSPHIST
1954,MAINE,MENHADENS **,"5,876,400","2,666","47,172",Public,Commercial,Brevoortia ,161731,ACCSPHIST
1954,MARYLAND,MENHADENS **,"3,883,100","1,761","41,054",Public,Commercial,Brevoortia ,161731,ACCSPHIST
1954,MASSACHUSETTS,MENHADENS **,"35,794,400","16,236","491,486",Public,Commercial,Brevoortia ,161731,ACCSPHIST
1954,NEW JERSEY,MENHADENS **,"376,805,100","170,918","5,127,646",Public,Commercial,Brevoortia ,161731,ACCSPHIST
1954,NEW YORK,MENHADENS **,"98,475,600","44,668","1,513,766",Public,Commercial,Brevoortia ,161731,ACCSPHIST
1954,NORTH CAROLINA,MENHADENS **,"160,301,000","72,712","2,067,883",Public,Commercial,Brevoortia ,161731,ACCSPHIST
1954,RHODE ISLAND,MENHADENS **,"17,944,600","8,140","222,878",Public,Commercial,Brevoortia ,161731,ACCSPHIST
1954,SOUTH CAROLINA,MENHADENS **,"3,952,000","1,793","33,592",Public,Commercial,Brevoortia ,161731,ACCSPHIST
1954,VIRGINIA,MENHADENS **,"284,932,700","129,245","3,669,130",Public,Commercial,Brevoortia ,161731,ACCSPHIST
1953,CONNECTICUT,MENHADENS **,"218,200",99,"2,383",Public,Commercial,Brevoortia ,161731,ACCSPHIST
1953,DELAWARE,MENHADENS **,"360,843,700","163,678","3,969,301",Public,Commercial,Brevoortia ,161731,ACCSPHIST
1953,FLORIDA-EAST,MENHADENS **,"65,543,800","29,730","655,438",Public,Commercial,Brevoortia ,161731,ACCSPHIST
1953,MAINE,MENHADENS **,"2,184,000",991,"26,083",Public,Commercial,Brevoortia ,161731,ACCSPHIST
1953,MARYLAND,MENHADENS **,"2,150,900",976,"20,997",Public,Commercial,Brevoortia ,161731,ACCSPHIST
1953,MASSACHUSETTS,MENHADENS **,"20,288,400","9,203","253,572",Public,Commercial,Brevoortia ,161731,ACCSPHIST
1953,NEW JERSEY,MENHADENS **,"396,308,700","179,764","3,865,694",Public,Commercial,Brevoortia ,161731,ACCSPHIST
1953,NEW YORK,MENHADENS **,"100,431,000","45,555","1,302,550",Public,Commercial,Brevoortia ,161731,ACCSPHIST
1953,NORTH CAROLINA,MENHADENS **,"132,104,700","59,922","1,387,098",Public,Commercial,Brevoortia ,161731,ACCSPHIST
1953,RHODE ISLAND,MENHADENS **,"17,185,000","7,795","206,398",Public,Commercial,Brevoortia ,161731,ACCSPHIST
1953,SOUTH CAROLINA,MENHADENS **,"1,695,800",769,"15,262",Public,Commercial,Brevoortia ,161731,ACCSPHIST
1953,VIRGINIA,MENHADENS **,"160,075,800","72,610","1,684,786",Public,Commercial,Brevoortia ,161731,ACCSPHIST
1952,CONNECTICUT,MENHADENS **,"98,900",45,"1,410",Public,Commercial,Brevoortia ,161731,ACCSPHIST
1952,DELAWARE,MENHADENS **,"207,657,100","94,193","2,018,102",Public,Commercial,Brevoortia ,161731,ACCSPHIST
1952,FLORIDA-EAST,MENHADENS **,"120,281,800","54,559","893,943",Public,Commercial,Brevoortia ,161731,ACCSPHIST
1952,MAINE,MENHADENS **,"604,600",274,"6,056",Public,Commercial,Brevoortia ,161731,ACCSPHIST
1952,MARYLAND,MENHADENS **,"1,444,400",655,"13,573",Public,Commercial,Brevoortia ,161731,ACCSPHIST
1952,MASSACHUSETTS,MENHADENS **,"25,980,600","11,785","326,050",Public,Commercial,Brevoortia ,161731,ACCSPHIST
1952,NEW JERSEY,MENHADENS **,"179,458,200","81,402","1,606,046",Public,Commercial,Brevoortia ,161731,ACCSPHIST
1952,NEW YORK,MENHADENS **,"93,189,300","42,270","876,976",Public,Commercial,Brevoortia ,161731,ACCSPHIST
1952,NORTH CAROLINA,MENHADENS **,"191,341,300","86,792","1,626,501",Public,Commercial,Brevoortia ,161731,ACCSPHIST
1952,RHODE ISLAND,MENHADENS **,"9,403,800","4,266","109,719",Public,Commercial,Brevoortia ,161731,ACCSPHIST
1952,SOUTH CAROLINA,MENHADENS **,"3,218,000","1,460","23,491",Public,Commercial,Brevoortia ,161731,ACCSPHIST
1952,VIRGINIA,MENHADENS **,"90,929,700","41,245","1,123,793",Public,Commercial,Brevoortia ,161731,ACCSPHIST
1951,CONNECTICUT,MENHADENS **,"70,100",32,783,Public,Commercial,Brevoortia ,161731,ACCSPHIST
1951,DELAWARE,MENHADENS **,"166,488,700","75,519","1,911,375",Public,Commercial,Brevoortia ,161731,ACCSPHIST
1951,FLORIDA-EAST,MENHADENS **,"79,600,400","36,107","822,877",Public,Commercial,Brevoortia ,161731,ACCSPHIST
1951,MAINE,MENHADENS **,"1,514,300",687,"8,610",Public,Commercial,Brevoortia ,161731,ACCSPHIST
1951,MARYLAND,MENHADENS **,"430,900",195,"4,467",Public,Commercial,Brevoortia ,161731,ACCSPHIST
1951,MASSACHUSETTS,MENHADENS **,"7,208,100","3,270","108,217",Public,Commercial,Brevoortia ,161731,ACCSPHIST
1951,NEW JERSEY,MENHADENS **,"189,902,600","86,139","2,179,652",Public,Commercial,Brevoortia ,161731,ACCSPHIST
1951,NEW YORK,MENHADENS **,"85,433,200","38,752","896,743",Public,Commercial,Brevoortia ,161731,ACCSPHIST
1951,NORTH CAROLINA,MENHADENS **,"104,012,900","47,180","978,562",Public,Commercial,Brevoortia ,161731,ACCSPHIST
1951,RHODE ISLAND,MENHADENS **,"2,968,500","1,347","44,449",Public,Commercial,Brevoortia ,161731,ACCSPHIST
1951,SOUTH CAROLINA,MENHADENS **,"4,476,900","2,031","44,769",Public,Commercial,Brevoortia ,161731,ACCSPHIST
1951,VIRGINIA,MENHADENS **,"126,993,900","57,604","1,110,508",Public,Commercial,Brevoortia ,161731,ACCSPHIST
1950,CONNECTICUT,MENHADENS **,"43,700",20,696,Public,Commercial,Brevoortia ,161731,ACCSPHIST
1950,DELAWARE,MENHADENS **,"151,857,500","68,882","1,548,947",Public,Commercial,Brevoortia ,161731,ACCSPHIST
1950,FLORIDA-EAST,MENHADENS **,"21,258,700","9,643","214,712",Public,Commercial,Brevoortia ,161731,ACCSPHIST
1950,MAINE,MENHADENS **,"490,000",222,"2,511",Public,Commercial,Brevoortia ,161731,ACCSPHIST
1950,MARYLAND,MENHADENS **,"1,097,400",498,"9,946",Public,Commercial,Brevoortia ,161731,ACCSPHIST
1950,MASSACHUSETTS,MENHADENS **,"8,762,000","3,974","86,726",Public,Commercial,Brevoortia ,161731,ACCSPHIST
1950,NEW JERSEY,MENHADENS **,"138,578,600","62,859","1,497,647",Public,Commercial,Brevoortia ,161731,ACCSPHIST
1950,NEW YORK,MENHADENS **,"82,510,400","37,426","694,529",Public,Commercial,Brevoortia ,161731,ACCSPHIST
1950,NORTH CAROLINA,MENHADENS **,"124,904,900","56,656","1,221,468",Public,Commercial,Brevoortia ,161731,ACCSPHIST
1950,RHODE ISLAND,MENHADENS **,"8,100",4,110,Public,Commercial,Brevoortia ,161731,ACCSPHIST
1950,SOUTH CAROLINA,MENHADENS **,"961,400",436,"9,037",Public,Commercial,Brevoortia ,161731,ACCSPHIST
1950,VIRGINIA,MENHADENS **,"169,814,800","77,027","1,482,721",Public,Commercial,Brevoortia ,161731,ACCSPHIST
