Year,State,NMFS.Name,Pounds,Metric.Tons,Dollars,Confidentiality,Collection,Scientific.Name,Tsn,Source
2023,CONNECTICUT,MENHADENS **,202157,92,50511,Public,Commercial,Brevoortia ,161731,ACCSP
2023,MAINE,MENHADENS **,14596515,6621,6431102,Public,Commercial,Brevoortia ,161731,ACCSP
2023,MARYLAND,MENHADENS **,3125593,1418,654843,Public,Commercial,Brevoortia ,161731,ACCSP
2023,MASSACHUSETTS,MENHADENS **,2980815,1352,879316,Public,Commercial,Brevoortia ,161731,ACCSP
2023,NEW HAMPSHIRE,MENHADENS **,4375900,1985,1404765,Public,Commercial,Brevoortia ,161731,ACCSP
2023,NEW JERSEY,MENHADENS **,41101706,18644,5521086,Public,Commercial,Brevoortia ,161731,ACCSP
2023,NEW YORK,MENHADENS **,450199,204,115699,Public,Commercial,Brevoortia ,161731,ACCSP
2023,NORTH CAROLINA,MENHADENS **,619374,281,166470,Public,Commercial,Brevoortia ,161731,ACCSP
2023,RHODE ISLAND,MENHADENS **,159875,73,58088,Public,Commercial,Brevoortia ,161731,ACCSP
2023,VIRGINIA,MENHADENS **,290941497,131970,43815789,Public,Commercial,Brevoortia ,161731,EXCEPTIONS
2022,CONNECTICUT,MENHADENS **,299252,136,67664,Public,Commercial,Brevoortia ,161731,ACCSP
2022,DELAWARE,MENHADENS **,,,,Confidential,Commercial,Brevoortia ,161731,ACCSP
2022,MAINE,MENHADENS **,19335722,8771,8371853,Public,Commercial,Brevoortia ,161731,ACCSP
2022,MARYLAND,MENHADENS **,4982957,2260,862810,Public,Commercial,Brevoortia ,161731,ACCSP
2022,MASSACHUSETTS,MENHADENS **,10425267,4729,4078897,Public,Commercial,Brevoortia ,161731,ACCSP
2022,NEW HAMPSHIRE,MENHADENS **,4986600,2262,1996040,Public,Commercial,Brevoortia ,161731,ACCSP
2022,NEW JERSEY,MENHADENS **,47549602,21568,11437571,Public,Commercial,Brevoortia ,161731,ACCSP
2022,NEW YORK,MENHADENS **,1095609,497,336365,Public,Commercial,Brevoortia ,161731,ACCSP
2022,NORTH CAROLINA,MENHADENS **,539499,245,166501,Public,Commercial,Brevoortia ,161731,ACCSP
2022,RHODE ISLAND,MENHADENS **,617151,280,243983,Public,Commercial,Brevoortia ,161731,ACCSP
2022,SOUTH CAROLINA,MENHADENS **,,,,Confidential,Commercial,Brevoortia ,161731,ACCSP
2022,VIRGINIA,MENHADENS **,299957237,136060,47874635,Public,Commercial,Brevoortia ,161731,EXCEPTIONS
2021,CONNECTICUT,MENHADENS **,179177,81,38553,Public,Commercial,Brevoortia ,161731,ACCSP
2021,DELAWARE,MENHADENS **,,,,Confidential,Commercial,Brevoortia ,161731,ACCSP
2021,MAINE,MENHADENS **,36890619,16733,57086489,Public,Commercial,Brevoortia ,161731,ACCSP
2021,MARYLAND,MENHADENS **,4020789,1824,644003,Public,Commercial,Brevoortia ,161731,ACCSP
2021,MASSACHUSETTS,MENHADENS **,9916257,4498,2485960,Public,Commercial,Brevoortia ,161731,ACCSP
2021,NEW HAMPSHIRE,MENHADENS **,4807900,2181,1697400,Public,Commercial,Brevoortia ,161731,ACCSP
2021,NEW JERSEY,MENHADENS **,80408245,36473,16608588,Public,Commercial,Brevoortia ,161731,ACCSP
2021,NEW YORK,MENHADENS **,3424785,1553,569053,Public,Commercial,Brevoortia ,161731,ACCSP
2021,NORTH CAROLINA,MENHADENS **,430623,195,116007,Public,Commercial,Brevoortia ,161731,ACCSP
2021,RHODE ISLAND,MENHADENS **,3575154,1622,536806,Public,Commercial,Brevoortia ,161731,ACCSP
2021,VIRGINIA,MENHADENS **,301349508,136691,46646123,Public,Commercial,Brevoortia ,161731,EXCEPTIONS
2020,CONNECTICUT,MENHADENS **,217110,98,102380,Public,Commercial,Brevoortia ,161731,ACCSP
2020,DELAWARE,MENHADENS **,,,,Confidential,Commercial,Brevoortia ,161731,ACCSP
2020,MAINE,MENHADENS **,10896429,4943,2801787,Public,Commercial,Brevoortia ,161731,ACCSP
2020,MARYLAND,MENHADENS **,3492261,1584,966247,Public,Commercial,Brevoortia ,161731,ACCSP
2020,MASSACHUSETTS,MENHADENS **,8821142,4001,7937229,Public,Commercial,Brevoortia ,161731,ACCSP
2020,NEW HAMPSHIRE,MENHADENS **,,,,Confidential,Commercial,Brevoortia ,161731,ACCSP
2020,NEW JERSEY,MENHADENS **,90583260,41088,51472734,Public,Commercial,Brevoortia ,161731,ACCSP
2020,NEW YORK,MENHADENS **,4400250,1996,849893,Public,Commercial,Brevoortia ,161731,ACCSP
2020,NORTH CAROLINA,MENHADENS **,599742,272,123443,Public,Commercial,Brevoortia ,161731,ACCSP
2020,RHODE ISLAND,MENHADENS **,198487,90,30896,Public,Commercial,Brevoortia ,161731,ACCSP
2020,VIRGINIA,MENHADENS **,273480005,124050,57126386,Public,Commercial,Brevoortia ,161731,EXCEPTIONS
2019,CONNECTICUT,MENHADENS **,133202,60,26685,Public,Commercial,Brevoortia ,161731,ACCSP
2019,DELAWARE,MENHADENS **,,,,Confidential,Commercial,Brevoortia ,161731,ACCSP
2019,MAINE,MENHADENS **,8975045,4071,2475485,Public,Commercial,Brevoortia ,161731,ACCSP
2019,MARYLAND,MENHADENS **,4309025,1955,648772,Public,Commercial,Brevoortia ,161731,ACCSP
2019,MASSACHUSETTS,MENHADENS **,6964323,3159,1314355,Public,Commercial,Brevoortia ,161731,ACCSP
2019,NEW HAMPSHIRE,MENHADENS **,4540800,2060,791716,Public,Commercial,Brevoortia ,161731,ACCSP
2019,NEW JERSEY,MENHADENS **,77991508,35377,13718296,Public,Commercial,Brevoortia ,161731,ACCSP
2019,NEW YORK,MENHADENS **,973953,442,177738,Public,Commercial,Brevoortia ,161731,ACCSP
2019,NORTH CAROLINA,MENHADENS **,551849,250,138037,Public,Commercial,Brevoortia ,161731,ACCSP
2019,RHODE ISLAND,MENHADENS **,66669,30,16163,Public,Commercial,Brevoortia ,161731,ACCSP
2019,SOUTH CAROLINA,MENHADENS **,,,,Confidential,Commercial,Brevoortia ,161731,ACCSP
2019,VIRGINIA,MENHADENS **,332511812,150826,26921609,Public,Commercial,Brevoortia ,161731,EXCEPTIONS
2018,CONNECTICUT,MENHADENS **,849690,385,70133,Public,Commercial,Brevoortia ,161731,ACCSP
2018,DELAWARE,MENHADENS **,,,,Confidential,Commercial,Brevoortia ,161731,ACCSP
2018,MAINE,MENHADENS **,5720620,2595,1440624,Public,Commercial,Brevoortia ,161731,ACCSP
2018,MARYLAND,MENHADENS **,4388403,1991,732878,Public,Commercial,Brevoortia ,161731,ACCSP
2018,MASSACHUSETTS,MENHADENS **,5679209,2576,871617,Public,Commercial,Brevoortia ,161731,ACCSP
2018,NEW HAMPSHIRE,MENHADENS **,,,,Confidential,Commercial,Brevoortia ,161731,ACCSP
2018,NEW JERSEY,MENHADENS **,84791590,38461,12913185,Public,Commercial,Brevoortia ,161731,ACCSP
2018,NEW YORK,MENHADENS **,471087,214,98274,Public,Commercial,Brevoortia ,161731,ACCSP
2018,NORTH CAROLINA,MENHADENS **,713978,324,175007,Public,Commercial,Brevoortia ,161731,ACCSP
2018,RHODE ISLAND,MENHADENS **,731717,332,58921,Public,Commercial,Brevoortia ,161731,ACCSP
2018,SOUTH CAROLINA,MENHADENS **,,,,Confidential,Commercial,Brevoortia ,161731,ACCSP
2018,VIRGINIA,MENHADENS **,311543671,141315,27716057,Public,Commercial,Brevoortia ,161731,EXCEPTIONS
2017,CONNECTICUT,MENHADENS **,203138,92,35387,Public,Commercial,Brevoortia ,161731,ACCSP
2017,DELAWARE,MENHADENS **,,,,Confidential,Commercial,Brevoortia ,161731,ACCSP
2017,MAINE,MENHADENS **,2413434,1095,681840,Public,Commercial,Brevoortia ,161731,ACCSP
2017,MARYLAND,MENHADENS **,3568447,1619,648195,Public,Commercial,Brevoortia ,161731,ACCSP
2017,MASSACHUSETTS,MENHADENS **,3696974,1677,637244,Public,Commercial,Brevoortia ,161731,ACCSP
2017,NEW HAMPSHIRE,MENHADENS **,,,,Confidential,Commercial,Brevoortia ,161731,ACCSP
2017,NEW JERSEY,MENHADENS **,98654475,44749,16650640,Public,Commercial,Brevoortia ,161731,ACCSP
2017,NEW YORK,MENHADENS **,1634042,741,232278,Public,Commercial,Brevoortia ,161731,ACCSP
2017,NORTH CAROLINA,MENHADENS **,752799,341,160181,Public,Commercial,Brevoortia ,161731,ACCSP
2017,RHODE ISLAND,MENHADENS **,1752756,795,136893,Public,Commercial,Brevoortia ,161731,ACCSP
2017,VIRGINIA,MENHADENS **,284226224,128924,22865271,Public,Commercial,Brevoortia ,161731,EXCEPTIONS
2016,CONNECTICUT,MENHADENS **,66992,30,11596,Public,Commercial,Brevoortia ,161731,ACCSP
2016,MAINE,MENHADENS **,4372166,1983,1230783,Public,Commercial,Brevoortia ,161731,ACCSP
2016,MARYLAND,MENHADENS **,6473115,2936,1035094,Public,Commercial,Brevoortia ,161731,ACCSP
2016,MASSACHUSETTS,MENHADENS **,3063055,1389,374367,Public,Commercial,Brevoortia ,161731,ACCSP
2016,NEW JERSEY,MENHADENS **,52817109,23958,8607178,Public,Commercial,Brevoortia ,161731,ACCSP
2016,NEW YORK,MENHADENS **,1637913,743,194075,Public,Commercial,Brevoortia ,161731,ACCSP
2016,NORTH CAROLINA,MENHADENS **,398044,181,76863,Public,Commercial,Brevoortia ,161731,ACCSP
2016,RHODE ISLAND,MENHADENS **,317328,144,34832,Public,Commercial,Brevoortia ,161731,ACCSP
2016,VIRGINIA,MENHADENS **,302899356,137394,24235842,Public,Commercial,Brevoortia ,161731,EXCEPTIONS
2015,CONNECTICUT,MENHADENS **,81387,37,13828,Public,Commercial,Brevoortia ,161731,ACCSP
2015,MARYLAND,MENHADENS **,8785713,3985,1222197,Public,Commercial,Brevoortia ,161731,ACCSP
2015,MASSACHUSETTS,MENHADENS **,2928427,1328,233728,Public,Commercial,Brevoortia ,161731,ACCSP
2015,NEW JERSEY,MENHADENS **,72106979,32708,10687188,Public,Commercial,Brevoortia ,161731,ACCSP
2015,NEW YORK,MENHADENS **,1407002,638,194828,Public,Commercial,Brevoortia ,161731,ACCSP
2015,NORTH CAROLINA,MENHADENS **,898322,407,154385,Public,Commercial,Brevoortia ,161731,ACCSP
2015,RHODE ISLAND,MENHADENS **,2060381,935,183467,Public,Commercial,Brevoortia ,161731,ACCSP
2015,SOUTH CAROLINA,MENHADENS **,,,,Confidential,Commercial,Brevoortia ,161731,ACCSP
2015,VIRGINIA,MENHADENS **,352854848,160054,28201992,Public,Commercial,Brevoortia ,161731,ACCSP
2014,CONNECTICUT,MENHADENS **,36552,17,6337,Public,Commercial,Brevoortia ,161731,ACCSP
2014,DELAWARE,MENHADENS **,,,,Confidential,Commercial,Brevoortia ,161731,ACCSP
2014,MARYLAND,MENHADENS **,8353684,3789,1379392,Public,Commercial,Brevoortia ,161731,ACCSP
2014,MASSACHUSETTS,MENHADENS **,2218570,1006,166036,Public,Commercial,Brevoortia ,161731,ACCSP
2014,NEW JERSEY,MENHADENS **,43881091,19904,5774334,Public,Commercial,Brevoortia ,161731,ACCSP
2014,NEW YORK,MENHADENS **,768538,349,113033,Public,Commercial,Brevoortia ,161731,ACCSP
2014,NORTH CAROLINA,MENHADENS **,917905,416,148678,Public,Commercial,Brevoortia ,161731,ACCSP
2014,RHODE ISLAND,MENHADENS **,500903,227,62767,Public,Commercial,Brevoortia ,161731,ACCSP
2014,VIRGINIA,MENHADENS **,326817181,148243,26045630,Public,Commercial,Brevoortia ,161731,ACCSP
2013,CONNECTICUT,MENHADENS **,6703,3,3934,Public,Commercial,Brevoortia ,161731,ACCSP
2013,DELAWARE,MENHADENS **,,,,Confidential,Commercial,Brevoortia ,161731,ACCSP
2013,MARYLAND,MENHADENS **,7682317,3485,903449,Public,Commercial,Brevoortia ,161731,ACCSP
2013,MASSACHUSETTS,MENHADENS **,2301539,1044,177968,Public,Commercial,Brevoortia ,161731,ACCSP
2013,NEW YORK,MENHADENS **,1141133,518,117228,Public,Commercial,Brevoortia ,161731,ACCSP
2013,NORTH CAROLINA,MENHADENS **,454206,206,74991,Public,Commercial,Brevoortia ,161731,ACCSP
2013,RHODE ISLAND,MENHADENS **,99821,45,17732,Public,Commercial,Brevoortia ,161731,ACCSP
2013,VIRGINIA,MENHADENS **,317949684,144221,25342950,Public,Commercial,Brevoortia ,161731,ACCSP
2012,CONNECTICUT,MENHADENS **,37454,17,9513,Public,Commercial,Brevoortia ,161731,ACCSP
2012,DELAWARE,MENHADENS **,,,,Confidential,Commercial,Brevoortia ,161731,ACCSP
2012,MARYLAND,MENHADENS **,16371030,7426,1667547,Public,Commercial,Brevoortia ,161731,ACCSP
2012,MASSACHUSETTS,MENHADENS **,1629204,739,189485,Public,Commercial,Brevoortia ,161731,ACCSP
2012,NEW YORK,MENHADENS **,218695,99,22651,Public,Commercial,Brevoortia ,161731,ACCSP
2012,NORTH CAROLINA,MENHADENS **,538792,244,82363,Public,Commercial,Brevoortia ,161731,ACCSP
2012,RHODE ISLAND,MENHADENS **,106606,48,18300,Public,Commercial,Brevoortia ,161731,ACCSP
2012,VIRGINIA,MENHADENS **,390317699,177047,31106848,Public,Commercial,Brevoortia ,161731,ACCSP
2011,CONNECTICUT,MENHADENS **,26929,12,7305,Public,Commercial,Brevoortia ,161731,ACCSP
2011,DELAWARE,MENHADENS **,,,,Confidential,Commercial,Brevoortia ,161731,ACCSP
2011,MAINE,MENHADENS **,,,,Confidential,Commercial,Brevoortia ,161731,ACCSP
2011,MARYLAND,MENHADENS **,7981573,3620,681905,Public,Commercial,Brevoortia ,161731,ACCSP
2011,MASSACHUSETTS,MENHADENS **,86641,39,87977,Public,Commercial,Brevoortia ,161731,ACCSP
2011,NEW YORK,MENHADENS **,201405,91,32962,Public,Commercial,Brevoortia ,161731,ACCSP
2011,NORTH CAROLINA,MENHADENS **,3530003,1601,328746,Public,Commercial,Brevoortia ,161731,ACCSP
2011,RHODE ISLAND,MENHADENS **,83899,38,14214,Public,Commercial,Brevoortia ,161731,ACCSP
2011,VIRGINIA,MENHADENS **,414158627,187861,32995188,Public,Commercial,Brevoortia ,161731,ACCSP
2010,CONNECTICUT,MENHADENS **,42489,19,9318,Public,Commercial,Brevoortia ,161731,ACCSP
2010,DELAWARE,MENHADENS **,,,,Confidential,Commercial,Brevoortia ,161731,ACCSP
2010,MAINE,MENHADENS **,,,,Confidential,Commercial,Brevoortia ,161731,ACCSP
2010,MARYLAND,MENHADENS **,15461410,7013,728569,Public,Commercial,Brevoortia ,161731,ACCSP
2010,MASSACHUSETTS,MENHADENS **,4948437,2245,602219,Public,Commercial,Brevoortia ,161731,ACCSP
2010,NEW YORK,MENHADENS **,318266,144,57841,Public,Commercial,Brevoortia ,161731,ACCSP
2010,NORTH CAROLINA,MENHADENS **,1299150,589,105479,Public,Commercial,Brevoortia ,161731,ACCSP
2010,RHODE ISLAND,MENHADENS **,78149,35,18357,Public,Commercial,Brevoortia ,161731,ACCSP
2010,VIRGINIA,MENHADENS **,433240774,196517,34476160,Public,Commercial,Brevoortia ,161731,ACCSP
2009,CONNECTICUT,MENHADENS **,170907,78,26884,Public,Commercial,Brevoortia ,161731,ACCSP
2009,DELAWARE,MENHADENS **,,,,Confidential,Commercial,Brevoortia ,161731,ACCSP
2009,MAINE,MENHADENS **,166942,76,21482,Public,Commercial,Brevoortia ,161731,ACCSP
2009,MARYLAND,MENHADENS **,9550316,4332,895601,Public,Commercial,Brevoortia ,161731,ACCSP
2009,MASSACHUSETTS,MENHADENS **,6695388,3037,751494,Public,Commercial,Brevoortia ,161731,ACCSP
2009,NEW YORK,MENHADENS **,102730,47,21335,Public,Commercial,Brevoortia ,161731,ACCSP
2009,NORTH CAROLINA,MENHADENS **,2124734,964,233804,Public,Commercial,Brevoortia ,161731,ACCSP
2009,RHODE ISLAND,MENHADENS **,107548,49,19664,Public,Commercial,Brevoortia ,161731,ACCSP
2009,VIRGINIA,MENHADENS **,351391883,159390,23578066,Public,Commercial,Brevoortia ,161731,ACCSP
2008,CONNECTICUT,MENHADENS **,104881,48,10488,Public,Commercial,Brevoortia ,161731,ACCSP
2008,DELAWARE,MENHADENS **,,,,Confidential,Commercial,Brevoortia ,161731,ACCSP
2008,MAINE,MENHADENS **,4200465,1905,428698,Public,Commercial,Brevoortia ,161731,ACCSP
2008,MARYLAND,MENHADENS **,9654813,4379,920301,Public,Commercial,Brevoortia ,161731,ACCSP
2008,MASSACHUSETTS,MENHADENS **,14097713,6395,1569866,Public,Commercial,Brevoortia ,161731,ACCSP
2008,NEW JERSEY,MENHADENS **,33838941,15349,2236566,Public,Commercial,Brevoortia ,161731,ACCSP
2008,NEW YORK,MENHADENS **,103373,47,24428,Public,Commercial,Brevoortia ,161731,ACCSP
2008,NORTH CAROLINA,MENHADENS **,645231,293,67718,Public,Commercial,Brevoortia ,161731,ACCSP
2008,RHODE ISLAND,MENHADENS **,269288,122,44116,Public,Commercial,Brevoortia ,161731,ACCSP
2008,VIRGINIA,MENHADENS **,353895252,160526,21270642,Public,Commercial,Brevoortia ,161731,ACCSP
2007,CONNECTICUT,MENHADENS **,90254,41,9029,Public,Commercial,Brevoortia ,161731,ACCSP
2007,DELAWARE,MENHADENS **,,,,Confidential,Commercial,Brevoortia ,161731,ACCSP
2007,MAINE,MENHADENS **,,,,Confidential,Commercial,Brevoortia ,161731,ACCSP
2007,MARYLAND,MENHADENS **,13740758,6233,1377744,Public,Commercial,Brevoortia ,161731,ACCSP
2007,MASSACHUSETTS,MENHADENS **,5513813,2501,522847,Public,Commercial,Brevoortia ,161731,ACCSP
2007,NEW JERSEY,MENHADENS **,37634929,17071,3193721,Public,Commercial,Brevoortia ,161731,ACCSP
2007,NEW YORK,MENHADENS **,129155,59,18603,Public,Commercial,Brevoortia ,161731,ACCSP
2007,NORTH CAROLINA,MENHADENS **,1134208,514,140995,Public,Commercial,Brevoortia ,161731,ACCSP
2007,RHODE ISLAND,MENHADENS **,8948,4,1195,Public,Commercial,Brevoortia ,161731,ACCSP
2007,VIRGINIA,MENHADENS **,420481003,190729,25316714,Public,Commercial,Brevoortia ,161731,ACCSP
2006,CONNECTICUT,MENHADENS **,866235,393,69303,Public,Commercial,Brevoortia ,161731,ACCSPHIST
2006,DELAWARE,MENHADENS **,107824,49,10467,Public,Commercial,Brevoortia ,161731,ACCSPHIST
2006,FLORIDA-EAST,MENHADENS **,157117,71,49360,Public,Commercial,Brevoortia ,161731,ACCSPHIST
2006,MARYLAND,MENHADENS **,5192489,2355,650360,Public,Commercial,Brevoortia ,161731,ACCSPHIST
2006,MASSACHUSETTS,MENHADENS **,2504211,1136,232507,Public,Commercial,Brevoortia ,161731,ACCSPHIST
2006,NEW JERSEY,MENHADENS **,24085182,10925,2102620,Public,Commercial,Brevoortia ,161731,ACCSPHIST
2006,NEW YORK,MENHADENS **,329986,150,34454,Public,Commercial,Brevoortia ,161731,ACCSPHIST
2006,NORTH CAROLINA,MENHADENS **,962647,437,147795,Public,Commercial,Brevoortia ,161731,ACCSPHIST
2006,RHODE ISLAND,MENHADENS **,82424,37,4609,Public,Commercial,Brevoortia ,161731,ACCSPHIST
2006,VIRGINIA,MENHADENS **,370946438,168260,22305704,Public,Commercial,Brevoortia ,161731,ACCSPHIST
2005,CONNECTICUT,MENHADENS **,30636,14,3068,Public,Commercial,Brevoortia ,161731,ACCSPHIST
2005,DELAWARE,MENHADENS **,120429,55,14904,Public,Commercial,Brevoortia ,161731,ACCSPHIST
2005,FLORIDA-EAST,MENHADENS **,39404,18,14776,Public,Commercial,Brevoortia ,161731,ACCSPHIST
2005,MARYLAND,MENHADENS **,15759698,7149,1897538,Public,Commercial,Brevoortia ,161731,ACCSPHIST
2005,MASSACHUSETTS,MENHADENS **,1967984,893,132625,Public,Commercial,Brevoortia ,161731,ACCSPHIST
2005,NEW JERSEY,MENHADENS **,24092525,10928,9423313,Public,Commercial,Brevoortia ,161731,ACCSPHIST
2005,NEW YORK,MENHADENS **,74205,34,9664,Public,Commercial,Brevoortia ,161731,ACCSPHIST
2005,NORTH CAROLINA,MENHADENS **,13386247,6072,1223030,Public,Commercial,Brevoortia ,161731,ACCSPHIST
2005,RHODE ISLAND,MENHADENS **,14471,7,3429,Public,Commercial,Brevoortia ,161731,ACCSPHIST
2005,VIRGINIA,MENHADENS **,372577775,169000,25443147,Public,Commercial,Brevoortia ,161731,ACCSPHIST
2004,CONNECTICUT,MENHADENS **,33210,15,3327,Public,Commercial,Brevoortia ,161731,ACCSPHIST
2004,DELAWARE,MENHADENS **,75635,34,6480,Public,Commercial,Brevoortia ,161731,ACCSPHIST
2004,FLORIDA-EAST,MENHADENS **,20870,9,14042,Public,Commercial,Brevoortia ,161731,ACCSPHIST
2004,MARYLAND,MENHADENS **,3297691,1496,375581,Public,Commercial,Brevoortia ,161731,ACCSPHIST
2004,NEW HAMPSHIRE,MENHADENS **,140,0,17,Public,Commercial,Brevoortia ,161731,ACCSPHIST
2004,NEW JERSEY,MENHADENS **,18023688,8175,1186929,Public,Commercial,Brevoortia ,161731,ACCSPHIST
2004,NEW YORK,MENHADENS **,75420,34,9947,Public,Commercial,Brevoortia ,161731,ACCSPHIST
2004,NORTH CAROLINA,MENHADENS **,50577982,22942,4535531,Public,Commercial,Brevoortia ,161731,ACCSPHIST
2004,RHODE ISLAND,MENHADENS **,39232,18,4306,Public,Commercial,Brevoortia ,161731,ACCSPHIST
2004,VIRGINIA,MENHADENS **,399797922,181347,24418822,Public,Commercial,Brevoortia ,161731,ACCSPHIST
2003,CONNECTICUT,MENHADENS **,46515,21,4655,Public,Commercial,Brevoortia ,161731,ACCSPHIST
2003,DELAWARE,MENHADENS **,45871,21,4330,Public,Commercial,Brevoortia ,161731,ACCSPHIST
2003,FLORIDA-EAST,MENHADENS **,35810,16,20608,Public,Commercial,Brevoortia ,161731,ACCSPHIST
2003,MARYLAND,MENHADENS **,4231660,1919,336860,Public,Commercial,Brevoortia ,161731,ACCSPHIST
2003,NEW JERSEY,MENHADENS **,20450091,9276,1478493,Public,Commercial,Brevoortia ,161731,ACCSPHIST
2003,NEW YORK,MENHADENS **,148575,67,21129,Public,Commercial,Brevoortia ,161731,ACCSPHIST
2003,NORTH CAROLINA,MENHADENS **,48936503,22197,1748071,Public,Commercial,Brevoortia ,161731,ACCSPHIST
2003,VIRGINIA,MENHADENS **,373867599,169585,22511216,Public,Commercial,Brevoortia ,161731,ACCSPHIST
2002,CONNECTICUT,MENHADENS **,1138788,517,291534,Public,Commercial,Brevoortia ,161731,ACCSPHIST
2002,DELAWARE,MENHADENS **,83015,38,7902,Public,Commercial,Brevoortia ,161731,ACCSPHIST
2002,FLORIDA-EAST,MENHADENS **,55304,25,30365,Public,Commercial,Brevoortia ,161731,ACCSPHIST
2002,MARYLAND,MENHADENS **,4850391,2200,423271,Public,Commercial,Brevoortia ,161731,ACCSPHIST
2002,NEW JERSEY,MENHADENS **,24725015,11215,1577936,Public,Commercial,Brevoortia ,161731,ACCSPHIST
2002,NEW YORK,MENHADENS **,6480,3,1065,Public,Commercial,Brevoortia ,161731,ACCSPHIST
2002,NORTH CAROLINA,MENHADENS **,69190601,31385,5045423,Public,Commercial,Brevoortia ,161731,ACCSPHIST
2002,VIRGINIA,MENHADENS **,364941378,165536,22113124,Public,Commercial,Brevoortia ,161731,ACCSPHIST
2001,CONNECTICUT,MENHADENS **,38865,18,9722,Public,Commercial,Brevoortia ,161731,ACCSPHIST
2001,DELAWARE,MENHADENS **,53254,24,4291,Public,Commercial,Brevoortia ,161731,ACCSPHIST
2001,FLORIDA-EAST,MENHADENS **,179951,82,79875,Public,Commercial,Brevoortia ,161731,ACCSPHIST
2001,MARYLAND,MENHADENS **,4618607,2095,381750,Public,Commercial,Brevoortia ,161731,ACCSPHIST
2001,NEW JERSEY,MENHADENS **,26375573,11964,1506823,Public,Commercial,Brevoortia ,161731,ACCSPHIST
2001,NEW YORK,MENHADENS **,296116,134,30523,Public,Commercial,Brevoortia ,161731,ACCSPHIST
2001,NORTH CAROLINA,MENHADENS **,56012398,25407,4551444,Public,Commercial,Brevoortia ,161731,ACCSPHIST
2001,VIRGINIA,MENHADENS **,487143843,220967,25859656,Public,Commercial,Brevoortia ,161731,ACCSPHIST
2000,CONNECTICUT,MENHADENS **,14423,7,1444,Public,Commercial,Brevoortia ,161731,ACCSPHIST
2000,DELAWARE,MENHADENS **,47980,22,6790,Public,Commercial,Brevoortia ,161731,ACCSPHIST
2000,FLORIDA-EAST,MENHADENS **,263747,120,112823,Public,Commercial,Brevoortia ,161731,ACCSPHIST
2000,MARYLAND,MENHADENS **,4870835,2209,522909,Public,Commercial,Brevoortia ,161731,ACCSPHIST
2000,NEW JERSEY,MENHADENS **,31266780,14183,1875061,Public,Commercial,Brevoortia ,161731,ACCSPHIST
2000,NEW YORK,MENHADENS **,282920,128,70202,Public,Commercial,Brevoortia ,161731,ACCSPHIST
2000,NORTH CAROLINA,MENHADENS **,56280111,25528,3495747,Public,Commercial,Brevoortia ,161731,ACCSPHIST
2000,RHODE ISLAND,MENHADENS **,320000,145,19200,Public,Commercial,Brevoortia ,161731,ACCSPHIST
2000,VIRGINIA,MENHADENS **,367130978,166530,27565919,Public,Commercial,Brevoortia ,161731,ACCSPHIST
1999,CONNECTICUT,MENHADENS **,30298,14,4550,Public,Commercial,Brevoortia ,161731,ACCSPHIST
1999,DELAWARE,MENHADENS **,78551,36,7034,Public,Commercial,Brevoortia ,161731,ACCSPHIST
1999,FLORIDA-EAST,MENHADENS **,288144,131,96637,Public,Commercial,Brevoortia ,161731,ACCSPHIST
1999,MARYLAND,MENHADENS **,5721212,2595,463483,Public,Commercial,Brevoortia ,161731,ACCSPHIST
1999,MASSACHUSETTS,MENHADENS **,904200,410,36168,Public,Commercial,Brevoortia ,161731,ACCSPHIST
1999,NEW JERSEY,MENHADENS **,31036717,14078,2429283,Public,Commercial,Brevoortia ,161731,ACCSPHIST
1999,NEW YORK,MENHADENS **,11511,5,2917,Public,Commercial,Brevoortia ,161731,ACCSPHIST
1999,NORTH CAROLINA,MENHADENS **,42799082,19414,2680644,Public,Commercial,Brevoortia ,161731,ACCSPHIST
1999,RHODE ISLAND,MENHADENS **,2330,1,590,Public,Commercial,Brevoortia ,161731,ACCSPHIST
1999,VIRGINIA,MENHADENS **,378158210,171531,30221972,Public,Commercial,Brevoortia ,161731,ACCSPHIST
1998,CONNECTICUT,MENHADENS **,338817,154,50829,Public,Commercial,Brevoortia ,161731,ACCSPHIST
1998,DELAWARE,MENHADENS **,58048,26,6155,Public,Commercial,Brevoortia ,161731,ACCSPHIST
1998,FLORIDA-EAST,MENHADENS **,301566,137,86872,Public,Commercial,Brevoortia ,161731,ACCSPHIST
1998,MARYLAND,MENHADENS **,4463884,2025,426307,Public,Commercial,Brevoortia ,161731,ACCSPHIST
1998,NEW HAMPSHIRE,MENHADENS **,9,0,5,Public,Commercial,Brevoortia ,161731,ACCSPHIST
1998,NEW JERSEY,MENHADENS **,33287641,15099,2980128,Public,Commercial,Brevoortia ,161731,ACCSPHIST
1998,NEW YORK,MENHADENS **,29334,13,3453,Public,Commercial,Brevoortia ,161731,ACCSPHIST
1998,NORTH CAROLINA,MENHADENS **,57976455,26298,4121666,Public,Commercial,Brevoortia ,161731,ACCSPHIST
1998,RHODE ISLAND,MENHADENS **,2018800,916,101020,Public,Commercial,Brevoortia ,161731,ACCSPHIST
1998,VIRGINIA,MENHADENS **,508727795,230757,40744067,Public,Commercial,Brevoortia ,161731,ACCSPHIST
1997,CONNECTICUT,MENHADENS **,72329,33,10865,Public,Commercial,Brevoortia ,161731,ACCSPHIST
1997,DELAWARE,MENHADENS **,55733,25,6242,Public,Commercial,Brevoortia ,161731,ACCSPHIST
1997,FLORIDA-EAST,MENHADENS **,408492,185,101897,Public,Commercial,Brevoortia ,161731,ACCSPHIST
1997,MARYLAND,MENHADENS **,4898967,2222,481060,Public,Commercial,Brevoortia ,161731,ACCSPHIST
1997,NEW JERSEY,MENHADENS **,38118579,17290,2990322,Public,Commercial,Brevoortia ,161731,ACCSPHIST
1997,NEW YORK,MENHADENS **,553953,251,55604,Public,Commercial,Brevoortia ,161731,ACCSPHIST
1997,NORTH CAROLINA,MENHADENS **,97727058,44329,8794213,Public,Commercial,Brevoortia ,161731,ACCSPHIST
1997,RHODE ISLAND,MENHADENS **,2836550,1287,142900,Public,Commercial,Brevoortia ,161731,ACCSPHIST
1997,SOUTH CAROLINA,MENHADENS **,170,0,26,Public,Commercial,Brevoortia ,161731,ACCSPHIST
1997,VIRGINIA,MENHADENS **,497160943,225511,30035360,Public,Commercial,Brevoortia ,161731,ACCSPHIST
1996,CONNECTICUT,MENHADENS **,82851,38,12437,Public,Commercial,Brevoortia ,161731,ACCSPHIST
1996,DELAWARE,MENHADENS **,100823,46,10098,Public,Commercial,Brevoortia ,161731,ACCSPHIST
1996,FLORIDA-EAST,MENHADENS **,272386,124,81732,Public,Commercial,Brevoortia ,161731,ACCSPHIST
1996,MASSACHUSETTS,MENHADENS **,8500,4,1870,Public,Commercial,Brevoortia ,161731,ACCSPHIST
1996,NEW JERSEY,MENHADENS **,35516726,16110,2288850,Public,Commercial,Brevoortia ,161731,ACCSPHIST
1996,NEW YORK,MENHADENS **,11135,5,1215,Public,Commercial,Brevoortia ,161731,ACCSPHIST
1996,NORTH CAROLINA,MENHADENS **,53850944,24427,4858478,Public,Commercial,Brevoortia ,161731,ACCSPHIST
1996,VIRGINIA,MENHADENS **,584295638,265035,35263375,Public,Commercial,Brevoortia ,161731,ACCSPHIST
1995,CONNECTICUT,MENHADENS **,255664,116,30679,Public,Commercial,Brevoortia ,161731,ACCSPHIST
1995,DELAWARE,MENHADENS **,101300,46,10139,Public,Commercial,Brevoortia ,161731,ACCSPHIST
1995,FLORIDA-EAST,MENHADENS **,660272,299,85848,Public,Commercial,Brevoortia ,161731,ACCSPHIST
1995,MASSACHUSETTS,MENHADENS **,61000,28,2745,Public,Commercial,Brevoortia ,161731,ACCSPHIST
1995,NEW JERSEY,MENHADENS **,36578407,16592,1942323,Public,Commercial,Brevoortia ,161731,ACCSPHIST
1995,NEW YORK,MENHADENS **,1087978,494,152379,Public,Commercial,Brevoortia ,161731,ACCSPHIST
1995,NORTH CAROLINA,MENHADENS **,58374080,26478,3560966,Public,Commercial,Brevoortia ,161731,ACCSPHIST
1995,VIRGINIA,MENHADENS **,704447463,319535,42470929,Public,Commercial,Brevoortia ,161731,ACCSPHIST
1994,CONNECTICUT,MENHADENS **,100000,45,5000,Public,Commercial,Brevoortia ,161731,ACCSPHIST
1994,DELAWARE,MENHADENS **,78700,36,7867,Public,Commercial,Brevoortia ,161731,ACCSPHIST
1994,FLORIDA-EAST,MENHADENS **,1387012,629,150843,Public,Commercial,Brevoortia ,161731,ACCSPHIST
1994,MARYLAND,MENHADENS **,3512417,1593,891430,Public,Commercial,Brevoortia ,161731,ACCSPHIST
1994,NEW JERSEY,MENHADENS **,38329332,17386,1997503,Public,Commercial,Brevoortia ,161731,ACCSPHIST
1994,NEW YORK,MENHADENS **,961474,436,128657,Public,Commercial,Brevoortia ,161731,ACCSPHIST
1994,NORTH CAROLINA,MENHADENS **,73853902,33500,3178612,Public,Commercial,Brevoortia ,161731,ACCSPHIST
1994,VIRGINIA,MENHADENS **,513269653,232818,31006486,Public,Commercial,Brevoortia ,161731,ACCSPHIST
1993,CONNECTICUT,MENHADENS **,199591,91,9980,Public,Commercial,Brevoortia ,161731,ACCSPHIST
1993,DELAWARE,MENHADENS **,164100,74,9850,Public,Commercial,Brevoortia ,161731,ACCSPHIST
1993,FLORIDA-EAST,MENHADENS **,2584766,1172,247908,Public,Commercial,Brevoortia ,161731,ACCSPHIST
1993,MAINE,MENHADENS **,19520455,8854,1338385,Public,Commercial,Brevoortia ,161731,ACCSPHIST
1993,MARYLAND,MENHADENS **,3085698,1400,264071,Public,Commercial,Brevoortia ,161731,ACCSPHIST
1993,MASSACHUSETTS,MENHADENS **,1332000,604,53065,Public,Commercial,Brevoortia ,161731,ACCSPHIST
1993,NEW HAMPSHIRE,MENHADENS **,3710,2,557,Public,Commercial,Brevoortia ,161731,ACCSPHIST
1993,NEW JERSEY,MENHADENS **,28296741,12835,1391108,Public,Commercial,Brevoortia ,161731,ACCSPHIST
1993,NEW YORK,MENHADENS **,1048993,476,119609,Public,Commercial,Brevoortia ,161731,ACCSPHIST
1993,NORTH CAROLINA,MENHADENS **,64711384,29353,1954299,Public,Commercial,Brevoortia ,161731,ACCSPHIST
1993,VIRGINIA,MENHADENS **,639324195,289996,38392282,Public,Commercial,Brevoortia ,161731,ACCSPHIST
1992,CONNECTICUT,MENHADENS **,91200,41,4560,Public,Commercial,Brevoortia ,161731,ACCSPHIST
1992,DELAWARE,MENHADENS **,105700,48,5305,Public,Commercial,Brevoortia ,161731,ACCSPHIST
1992,FLORIDA-EAST,MENHADENS **,2746484,1246,242999,Public,Commercial,Brevoortia ,161731,ACCSPHIST
1992,MAINE,MENHADENS **,14857195,6739,910046,Public,Commercial,Brevoortia ,161731,ACCSPHIST
1992,MARYLAND,MENHADENS **,2295039,1041,185838,Public,Commercial,Brevoortia ,161731,ACCSPHIST
1992,MASSACHUSETTS,MENHADENS **,6606593,2997,263749,Public,Commercial,Brevoortia ,161731,ACCSPHIST
1992,NEW HAMPSHIRE,MENHADENS **,25920,12,1495,Public,Commercial,Brevoortia ,161731,ACCSPHIST
1992,NEW JERSEY,MENHADENS **,27470906,12461,1288804,Public,Commercial,Brevoortia ,161731,ACCSPHIST
1992,NEW YORK,MENHADENS **,1131701,513,126842,Public,Commercial,Brevoortia ,161731,ACCSPHIST
1992,NORTH CAROLINA,MENHADENS **,57515712,26089,1744030,Public,Commercial,Brevoortia ,161731,ACCSPHIST
1992,SOUTH CAROLINA,MENHADENS **,1300,1,260,Public,Commercial,Brevoortia ,161731,ACCSPHIST
1992,VIRGINIA,MENHADENS **,574826830,260740,28712218,Public,Commercial,Brevoortia ,161731,ACCSPHIST
1991,CONNECTICUT,MENHADENS **,96300,44,4815,Public,Commercial,Brevoortia ,161731,ACCSPHIST
1991,DELAWARE,MENHADENS **,280100,127,14005,Public,Commercial,Brevoortia ,161731,ACCSPHIST
1991,FLORIDA-EAST,MENHADENS **,2495968,1132,223939,Public,Commercial,Brevoortia ,161731,ACCSPHIST
1991,MAINE,MENHADENS **,16107463,7306,1263781,Public,Commercial,Brevoortia ,161731,ACCSPHIST
1991,MARYLAND,MENHADENS **,3540179,1606,547654,Public,Commercial,Brevoortia ,161731,ACCSPHIST
1991,MASSACHUSETTS,MENHADENS **,6326300,2870,271055,Public,Commercial,Brevoortia ,161731,ACCSPHIST
1991,NEW HAMPSHIRE,MENHADENS **,204000,93,8160,Public,Commercial,Brevoortia ,161731,ACCSPHIST
1991,NEW JERSEY,MENHADENS **,16597402,7529,754620,Public,Commercial,Brevoortia ,161731,ACCSPHIST
1991,NEW YORK,MENHADENS **,650150,295,64805,Public,Commercial,Brevoortia ,161731,ACCSPHIST
1991,NORTH CAROLINA,MENHADENS **,110528754,50136,3002829,Public,Commercial,Brevoortia ,161731,ACCSPHIST
1991,VIRGINIA,MENHADENS **,601187849,272697,30032372,Public,Commercial,Brevoortia ,161731,ACCSPHIST
1990,CONNECTICUT,MENHADENS **,96706,44,4837,Public,Commercial,Brevoortia ,161731,ACCSPHIST
1990,DELAWARE,MENHADENS **,140500,64,8429,Public,Commercial,Brevoortia ,161731,ACCSPHIST
1990,FLORIDA-EAST,MENHADENS **,2636496,1196,388701,Public,Commercial,Brevoortia ,161731,ACCSPHIST
1990,MAINE,MENHADENS **,5744597,2606,484590,Public,Commercial,Brevoortia ,161731,ACCSPHIST
1990,MARYLAND,MENHADENS **,2634223,1195,204727,Public,Commercial,Brevoortia ,161731,ACCSPHIST
1990,MASSACHUSETTS,MENHADENS **,1361900,618,57086,Public,Commercial,Brevoortia ,161731,ACCSPHIST
1990,NEW HAMPSHIRE,MENHADENS **,264500,120,5880,Public,Commercial,Brevoortia ,161731,ACCSPHIST
1990,NEW JERSEY,MENHADENS **,9041459,4101,537697,Public,Commercial,Brevoortia ,161731,ACCSPHIST
1990,NEW YORK,MENHADENS **,649710,295,68955,Public,Commercial,Brevoortia ,161731,ACCSPHIST
1990,NORTH CAROLINA,MENHADENS **,72231989,32764,1820654,Public,Commercial,Brevoortia ,161731,ACCSPHIST
1990,VIRGINIA,MENHADENS **,704564911,319589,35126005,Public,Commercial,Brevoortia ,161731,ACCSPHIST
1989,CONNECTICUT,MENHADENS **,148500,67,7420,Public,Commercial,Brevoortia ,161731,ACCSPHIST
1989,DELAWARE,MENHADENS **,90500,41,4455,Public,Commercial,Brevoortia ,161731,ACCSPHIST
1989,FLORIDA-EAST,MENHADENS **,1372505,623,124261,Public,Commercial,Brevoortia ,161731,ACCSPHIST
1989,MAINE,MENHADENS **,380600,173,9231,Public,Commercial,Brevoortia ,161731,ACCSPHIST
1989,MARYLAND,MENHADENS **,6166000,2797,387437,Public,Commercial,Brevoortia ,161731,ACCSPHIST
1989,NEW HAMPSHIRE,MENHADENS **,5200,2,572,Public,Commercial,Brevoortia ,161731,ACCSPHIST
1989,NEW JERSEY,MENHADENS **,2854500,1295,208520,Public,Commercial,Brevoortia ,161731,ACCSPHIST
1989,NEW YORK,MENHADENS **,449100,204,39478,Public,Commercial,Brevoortia ,161731,ACCSPHIST
1989,NORTH CAROLINA,MENHADENS **,66756288,30280,1808906,Public,Commercial,Brevoortia ,161731,ACCSPHIST
1989,VIRGINIA,MENHADENS **,612162300,277675,29101230,Public,Commercial,Brevoortia ,161731,ACCSPHIST
1988,CONNECTICUT,MENHADENS **,192700,87,21710,Public,Commercial,Brevoortia ,161731,ACCSPHIST
1988,DELAWARE,MENHADENS **,127700,58,8107,Public,Commercial,Brevoortia ,161731,ACCSPHIST
1988,FLORIDA-EAST,MENHADENS **,1026228,465,78920,Public,Commercial,Brevoortia ,161731,ACCSPHIST
1988,MAINE,MENHADENS **,19687800,8930,411669,Public,Commercial,Brevoortia ,161731,ACCSPHIST
1988,MARYLAND,MENHADENS **,6430200,2917,358839,Public,Commercial,Brevoortia ,161731,ACCSPHIST
1988,NEW HAMPSHIRE,MENHADENS **,4556,2,911,Public,Commercial,Brevoortia ,161731,ACCSPHIST
1988,NEW JERSEY,MENHADENS **,1984200,900,150646,Public,Commercial,Brevoortia ,161731,ACCSPHIST
1988,NEW YORK,MENHADENS **,504100,229,41558,Public,Commercial,Brevoortia ,161731,ACCSPHIST
1988,NORTH CAROLINA,MENHADENS **,73715713,33437,2566832,Public,Commercial,Brevoortia ,161731,ACCSPHIST
1988,SOUTH CAROLINA,MENHADENS **,500,0,266,Public,Commercial,Brevoortia ,161731,ACCSPHIST
1988,VIRGINIA,MENHADENS **,550556300,249731,27591470,Public,Commercial,Brevoortia ,161731,ACCSPHIST
1987,CONNECTICUT,MENHADENS **,94900,43,4745,Public,Commercial,Brevoortia ,161731,ACCSPHIST
1987,DELAWARE,MENHADENS **,22100,10,1478,Public,Commercial,Brevoortia ,161731,ACCSPHIST
1987,FLORIDA-EAST,MENHADENS **,2776822,1260,207556,Public,Commercial,Brevoortia ,161731,ACCSPHIST
1987,MAINE,MENHADENS **,18668600,8468,347500,Public,Commercial,Brevoortia ,161731,ACCSPHIST
1987,MARYLAND,MENHADENS **,5793700,2628,349763,Public,Commercial,Brevoortia ,161731,ACCSPHIST
1987,MASSACHUSETTS,MENHADENS **,1216200,552,36624,Public,Commercial,Brevoortia ,161731,ACCSPHIST
1987,NEW JERSEY,MENHADENS **,2563300,1163,190492,Public,Commercial,Brevoortia ,161731,ACCSPHIST
1987,NEW YORK,MENHADENS **,206795,94,23918,Public,Commercial,Brevoortia ,161731,ACCSPHIST
1987,NORTH CAROLINA,MENHADENS **,55498571,25174,1624511,Public,Commercial,Brevoortia ,161731,ACCSPHIST
1987,SOUTH CAROLINA,MENHADENS **,3934,2,561,Public,Commercial,Brevoortia ,161731,ACCSPHIST
1987,VIRGINIA,MENHADENS **,615523000,279199,30732694,Public,Commercial,Brevoortia ,161731,ACCSPHIST
1986,CONNECTICUT,MENHADENS **,254400,115,12720,Public,Commercial,Brevoortia ,161731,ACCSPHIST
1986,DELAWARE,MENHADENS **,20100,9,1202,Public,Commercial,Brevoortia ,161731,ACCSPHIST
1986,FLORIDA-EAST,MENHADENS **,7579674,3438,301873,Public,Commercial,Brevoortia ,161731,ACCSPHIST
1986,MAINE,MENHADENS **,22614600,10258,380826,Public,Commercial,Brevoortia ,161731,ACCSPHIST
1986,MARYLAND,MENHADENS **,5449400,2472,361787,Public,Commercial,Brevoortia ,161731,ACCSPHIST
1986,NEW JERSEY,MENHADENS **,2453600,1113,180629,Public,Commercial,Brevoortia ,161731,ACCSPHIST
1986,NEW YORK,MENHADENS **,399650,181,45626,Public,Commercial,Brevoortia ,161731,ACCSPHIST
1986,NORTH CAROLINA,MENHADENS **,66378260,30109,1591037,Public,Commercial,Brevoortia ,161731,ACCSPHIST
1986,SOUTH CAROLINA,MENHADENS **,9952,5,1972,Public,Commercial,Brevoortia ,161731,ACCSPHIST
1986,VIRGINIA,MENHADENS **,445674400,202157,22815277,Public,Commercial,Brevoortia ,161731,ACCSPHIST
1985,CONNECTICUT,MENHADENS **,234800,107,11740,Public,Commercial,Brevoortia ,161731,ACCSPHIST
1985,DELAWARE,MENHADENS **,176200,80,14096,Public,Commercial,Brevoortia ,161731,ACCSPHIST
1985,FLORIDA-EAST,MENHADENS **,5770965,2618,131952,Public,Commercial,Brevoortia ,161731,ACCSPHIST
1985,MAINE,MENHADENS **,33192800,15056,677403,Public,Commercial,Brevoortia ,161731,ACCSPHIST
1985,MARYLAND,MENHADENS **,5371800,2437,278082,Public,Commercial,Brevoortia ,161731,ACCSPHIST
1985,NEW JERSEY,MENHADENS **,2879800,1306,177862,Public,Commercial,Brevoortia ,161731,ACCSPHIST
1985,NEW YORK,MENHADENS **,901800,409,99523,Public,Commercial,Brevoortia ,161731,ACCSPHIST
1985,NORTH CAROLINA,MENHADENS **,97738403,44334,2330061,Public,Commercial,Brevoortia ,161731,ACCSPHIST
1985,SOUTH CAROLINA,MENHADENS **,7938,4,796,Public,Commercial,Brevoortia ,161731,ACCSPHIST
1985,VIRGINIA,MENHADENS **,639517500,290083,29125145,Public,Commercial,Brevoortia ,161731,ACCSPHIST
1984,CONNECTICUT,MENHADENS **,186900,85,9345,Public,Commercial,Brevoortia ,161731,ACCSPHIST
1984,DELAWARE,MENHADENS **,208000,94,14560,Public,Commercial,Brevoortia ,161731,ACCSPHIST
1984,FLORIDA-EAST,MENHADENS **,8478658,3846,233130,Public,Commercial,Brevoortia ,161731,ACCSPHIST
1984,MAINE,MENHADENS **,17806000,8077,401679,Public,Commercial,Brevoortia ,161731,ACCSPHIST
1984,MARYLAND,MENHADENS **,5363800,2433,269320,Public,Commercial,Brevoortia ,161731,ACCSPHIST
1984,NEW JERSEY,MENHADENS **,2293000,1040,155219,Public,Commercial,Brevoortia ,161731,ACCSPHIST
1984,NEW YORK,MENHADENS **,692500,314,69749,Public,Commercial,Brevoortia ,161731,ACCSPHIST
1984,NORTH CAROLINA,MENHADENS **,157667480,71517,4745831,Public,Commercial,Brevoortia ,161731,ACCSPHIST
1984,VIRGINIA,MENHADENS **,485834900,220373,25320859,Public,Commercial,Brevoortia ,161731,ACCSPHIST
1983,CONNECTICUT,MENHADENS **,129500,59,6475,Public,Commercial,Brevoortia ,161731,ACCSPHIST
1983,DELAWARE,MENHADENS **,41000,19,2460,Public,Commercial,Brevoortia ,161731,ACCSPHIST
1983,FLORIDA-EAST,MENHADENS **,8251086,3743,357536,Public,Commercial,Brevoortia ,161731,ACCSPHIST
1983,MAINE,MENHADENS **,42448100,19254,845981,Public,Commercial,Brevoortia ,161731,ACCSPHIST
1983,MARYLAND,MENHADENS **,6605800,2996,259129,Public,Commercial,Brevoortia ,161731,ACCSPHIST
1983,NEW JERSEY,MENHADENS **,1581600,717,100572,Public,Commercial,Brevoortia ,161731,ACCSPHIST
1983,NEW YORK,MENHADENS **,216300,98,15694,Public,Commercial,Brevoortia ,161731,ACCSPHIST
1983,NORTH CAROLINA,MENHADENS **,177973440,80728,6167878,Public,Commercial,Brevoortia ,161731,ACCSPHIST
1983,RHODE ISLAND,MENHADENS **,120800,55,5624,Public,Commercial,Brevoortia ,161731,ACCSPHIST
1983,SOUTH CAROLINA,MENHADENS **,34000,15,5450,Public,Commercial,Brevoortia ,161731,ACCSPHIST
1983,VIRGINIA,MENHADENS **,644713200,292440,28392913,Public,Commercial,Brevoortia ,161731,ACCSPHIST
1982,CONNECTICUT,MENHADENS **,171100,78,8555,Public,Commercial,Brevoortia ,161731,ACCSPHIST
1982,DELAWARE,MENHADENS **,58300,26,4370,Public,Commercial,Brevoortia ,161731,ACCSPHIST
1982,FLORIDA-EAST,MENHADENS **,10358109,4698,407839,Public,Commercial,Brevoortia ,161731,ACCSPHIST
1982,GEORGIA,MENHADENS **,137,0,8,Public,Commercial,Brevoortia ,161731,ACCSPHIST
1982,MAINE,MENHADENS **,47894600,21725,968487,Public,Commercial,Brevoortia ,161731,ACCSPHIST
1982,MARYLAND,MENHADENS **,8946400,4058,531886,Public,Commercial,Brevoortia ,161731,ACCSPHIST
1982,MASSACHUSETTS,MENHADENS **,23079600,10469,504500,Public,Commercial,Brevoortia ,161731,ACCSPHIST
1982,NEW JERSEY,MENHADENS **,1637400,743,125075,Public,Commercial,Brevoortia ,161731,ACCSPHIST
1982,NEW YORK,MENHADENS **,394300,179,24462,Public,Commercial,Brevoortia ,161731,ACCSPHIST
1982,NORTH CAROLINA,MENHADENS **,187015090,84829,5773042,Public,Commercial,Brevoortia ,161731,ACCSPHIST
1982,RHODE ISLAND,MENHADENS **,7008000,3179,109562,Public,Commercial,Brevoortia ,161731,ACCSPHIST
1982,VIRGINIA,MENHADENS **,598631000,271537,26724000,Public,Commercial,Brevoortia ,161731,ACCSPHIST
1981,CONNECTICUT,MENHADENS **,151400,69,9081,Public,Commercial,Brevoortia ,161731,ACCSPHIST
1981,FLORIDA-EAST,MENHADENS **,15447665,7007,630023,Public,Commercial,Brevoortia ,161731,ACCSPHIST
1981,MAINE,MENHADENS **,12264100,5563,292475,Public,Commercial,Brevoortia ,161731,ACCSPHIST
1981,MARYLAND,MENHADENS **,10701100,4854,632017,Public,Commercial,Brevoortia ,161731,ACCSPHIST
1981,MASSACHUSETTS,MENHADENS **,35397300,16056,808517,Public,Commercial,Brevoortia ,161731,ACCSPHIST
1981,NEW JERSEY,MENHADENS **,103280400,46848,4057200,Public,Commercial,Brevoortia ,161731,ACCSPHIST
1981,NEW YORK,MENHADENS **,533200,242,30103,Public,Commercial,Brevoortia ,161731,ACCSPHIST
1981,NORTH CAROLINA,MENHADENS **,309414710,140350,10038759,Public,Commercial,Brevoortia ,161731,ACCSPHIST
1981,RHODE ISLAND,MENHADENS **,23000,10,356,Public,Commercial,Brevoortia ,161731,ACCSPHIST
1981,SOUTH CAROLINA,MENHADENS **,8487,4,1110,Public,Commercial,Brevoortia ,161731,ACCSPHIST
1981,VIRGINIA,MENHADENS **,400708000,181760,17152000,Public,Commercial,Brevoortia ,161731,ACCSPHIST
1980,CONNECTICUT,MENHADENS **,99500,45,4987,Public,Commercial,Brevoortia ,161731,ACCSPHIST
1980,FLORIDA-EAST,MENHADENS **,21305171,9664,957143,Public,Commercial,Brevoortia ,161731,ACCSPHIST
1980,MAINE,MENHADENS **,18805900,8530,450475,Public,Commercial,Brevoortia ,161731,ACCSPHIST
1980,MARYLAND,MENHADENS **,8716300,3954,471715,Public,Commercial,Brevoortia ,161731,ACCSPHIST
1980,MASSACHUSETTS,MENHADENS **,43351000,19664,952888,Public,Commercial,Brevoortia ,161731,ACCSPHIST
1980,NEW JERSEY,MENHADENS **,120018000,54440,5895000,Public,Commercial,Brevoortia ,161731,ACCSPHIST
1980,NEW YORK,MENHADENS **,881700,400,47205,Public,Commercial,Brevoortia ,161731,ACCSPHIST
1980,NORTH CAROLINA,MENHADENS **,196920370,89322,7139327,Public,Commercial,Brevoortia ,161731,ACCSPHIST
1980,RHODE ISLAND,MENHADENS **,45800,21,3206,Public,Commercial,Brevoortia ,161731,ACCSPHIST
1980,VIRGINIA,MENHADENS **,537222100,243682,26961126,Public,Commercial,Brevoortia ,161731,ACCSPHIST
1979,CONNECTICUT,MENHADENS **,100200,45,6996,Public,Commercial,Brevoortia ,161731,ACCSPHIST
1979,DELAWARE,MENHADENS **,47700,22,2862,Public,Commercial,Brevoortia ,161731,ACCSPHIST
1979,FLORIDA-EAST,MENHADENS **,5035025,2284,232193,Public,Commercial,Brevoortia ,161731,ACCSPHIST
1979,MAINE,MENHADENS **,30005300,13610,759979,Public,Commercial,Brevoortia ,161731,ACCSPHIST
1979,MARYLAND,MENHADENS **,5608100,2544,265556,Public,Commercial,Brevoortia ,161731,ACCSPHIST
1979,MASSACHUSETTS,MENHADENS **,29040700,13173,732091,Public,Commercial,Brevoortia ,161731,ACCSPHIST
1979,NEW JERSEY,MENHADENS **,103280500,46848,3288883,Public,Commercial,Brevoortia ,161731,ACCSPHIST
1979,NEW YORK,MENHADENS **,712500,323,38996,Public,Commercial,Brevoortia ,161731,ACCSPHIST
1979,NORTH CAROLINA,MENHADENS **,254329990,115363,8059572,Public,Commercial,Brevoortia ,161731,ACCSPHIST
1979,RHODE ISLAND,MENHADENS **,7388600,3351,152298,Public,Commercial,Brevoortia ,161731,ACCSPHIST
1979,SOUTH CAROLINA,MENHADENS **,1090,0,87,Public,Commercial,Brevoortia ,161731,ACCSPHIST
1979,VIRGINIA,MENHADENS **,455360000,206550,22632765,Public,Commercial,Brevoortia ,161731,ACCSPHIST
1978,CONNECTICUT,MENHADENS **,85100,39,5021,Public,Commercial,Brevoortia ,161731,ACCSPHIST
1978,DELAWARE,MENHADENS **,29700,13,1485,Public,Commercial,Brevoortia ,161731,ACCSPHIST
1978,FLORIDA-EAST,MENHADENS **,13034474,5912,557894,Public,Commercial,Brevoortia ,161731,ACCSPHIST
1978,MAINE,MENHADENS **,6959900,3157,173996,Public,Commercial,Brevoortia ,161731,ACCSPHIST
1978,MARYLAND,MENHADENS **,7115900,3228,291665,Public,Commercial,Brevoortia ,161731,ACCSPHIST
1978,MASSACHUSETTS,MENHADENS **,99000,45,2476,Public,Commercial,Brevoortia ,161731,ACCSPHIST
1978,NEW JERSEY,MENHADENS **,82428200,37389,2599317,Public,Commercial,Brevoortia ,161731,ACCSPHIST
1978,NEW YORK,MENHADENS **,239600,109,12556,Public,Commercial,Brevoortia ,161731,ACCSPHIST
1978,NORTH CAROLINA,MENHADENS **,192324170,87238,7498037,Public,Commercial,Brevoortia ,161731,ACCSPHIST
1978,RHODE ISLAND,MENHADENS **,13181600,5979,281075,Public,Commercial,Brevoortia ,161731,ACCSPHIST
1978,SOUTH CAROLINA,MENHADENS **,460,0,37,Public,Commercial,Brevoortia ,161731,ACCSPHIST
1978,VIRGINIA,MENHADENS **,420813400,190880,7608624,Public,Commercial,Brevoortia ,161731,ACCSPHIST
1977,CONNECTICUT,MENHADENS **,106600,48,5330,Public,Commercial,Brevoortia ,161731,ACCSPHIST
1977,DELAWARE,MENHADENS **,24600,11,984,Public,Commercial,Brevoortia ,161731,ACCSPHIST
1977,FLORIDA-EAST,MENHADENS **,537000,244,27733,Public,Commercial,Brevoortia ,161731,ACCSPHIST
1977,MAINE,MENHADENS **,3290000,1492,71062,Public,Commercial,Brevoortia ,161731,ACCSPHIST
1977,MARYLAND,MENHADENS **,8381100,3802,289816,Public,Commercial,Brevoortia ,161731,ACCSPHIST
1977,MASSACHUSETTS,MENHADENS **,17410200,7897,400902,Public,Commercial,Brevoortia ,161731,ACCSPHIST
1977,NEW JERSEY,MENHADENS **,97508900,44230,3444730,Public,Commercial,Brevoortia ,161731,ACCSPHIST
1977,NEW YORK,MENHADENS **,851300,386,42106,Public,Commercial,Brevoortia ,161731,ACCSPHIST
1977,NORTH CAROLINA,MENHADENS **,158119300,71722,4369012,Public,Commercial,Brevoortia ,161731,ACCSPHIST
1977,RHODE ISLAND,MENHADENS **,10070700,4568,206623,Public,Commercial,Brevoortia ,161731,ACCSPHIST
1977,SOUTH CAROLINA,MENHADENS **,100,0,7,Public,Commercial,Brevoortia ,161731,ACCSPHIST
1977,VIRGINIA,MENHADENS **,501273600,227376,19858697,Public,Commercial,Brevoortia ,161731,ACCSPHIST
1976,CONNECTICUT,MENHADENS **,153200,69,7655,Public,Commercial,Brevoortia ,161731,ACCSPHIST
1976,DELAWARE,MENHADENS **,35300,16,1404,Public,Commercial,Brevoortia ,161731,ACCSPHIST
1976,FLORIDA-EAST,MENHADENS **,10131300,4596,197980,Public,Commercial,Brevoortia ,161731,ACCSPHIST
1976,MAINE,MENHADENS **,17552600,7962,299775,Public,Commercial,Brevoortia ,161731,ACCSPHIST
1976,MARYLAND,MENHADENS **,5379700,2440,182326,Public,Commercial,Brevoortia ,161731,ACCSPHIST
1976,MASSACHUSETTS,MENHADENS **,28594200,12970,465070,Public,Commercial,Brevoortia ,161731,ACCSPHIST
1976,NEW JERSEY,MENHADENS **,150437500,68238,4303232,Public,Commercial,Brevoortia ,161731,ACCSPHIST
1976,NEW YORK,MENHADENS **,1013500,460,43013,Public,Commercial,Brevoortia ,161731,ACCSPHIST
1976,NORTH CAROLINA,MENHADENS **,134902400,61191,4534354,Public,Commercial,Brevoortia ,161731,ACCSPHIST
1976,RHODE ISLAND,MENHADENS **,12712900,5767,194314,Public,Commercial,Brevoortia ,161731,ACCSPHIST
1976,VIRGINIA,MENHADENS **,440760700,199928,12998775,Public,Commercial,Brevoortia ,161731,ACCSPHIST
1975,CONNECTICUT,MENHADENS **,515300,234,25198,Public,Commercial,Brevoortia ,161731,ACCSPHIST
1975,DELAWARE,MENHADENS **,20500,9,821,Public,Commercial,Brevoortia ,161731,ACCSPHIST
1975,FLORIDA-EAST,MENHADENS **,12750500,5784,298203,Public,Commercial,Brevoortia ,161731,ACCSPHIST
1975,MAINE,MENHADENS **,13958300,6331,195416,Public,Commercial,Brevoortia ,161731,ACCSPHIST
1975,MARYLAND,MENHADENS **,6105900,2770,163300,Public,Commercial,Brevoortia ,161731,ACCSPHIST
1975,MASSACHUSETTS,MENHADENS **,20815400,9442,274599,Public,Commercial,Brevoortia ,161731,ACCSPHIST
1975,NEW JERSEY,MENHADENS **,65933800,29907,1719176,Public,Commercial,Brevoortia ,161731,ACCSPHIST
1975,NEW YORK,MENHADENS **,1076400,488,42135,Public,Commercial,Brevoortia ,161731,ACCSPHIST
1975,NORTH CAROLINA,MENHADENS **,153805200,69766,3258977,Public,Commercial,Brevoortia ,161731,ACCSPHIST
1975,RHODE ISLAND,MENHADENS **,15577600,7066,194557,Public,Commercial,Brevoortia ,161731,ACCSPHIST
1975,SOUTH CAROLINA,MENHADENS **,339600,154,13506,Public,Commercial,Brevoortia ,161731,ACCSPHIST
1975,VIRGINIA,MENHADENS **,315783300,143238,7717046,Public,Commercial,Brevoortia ,161731,ACCSPHIST
1974,CONNECTICUT,MENHADENS **,535000,243,26873,Public,Commercial,Brevoortia ,161731,ACCSPHIST
1974,DELAWARE,MENHADENS **,12600,6,452,Public,Commercial,Brevoortia ,161731,ACCSPHIST
1974,FLORIDA-EAST,MENHADENS **,12636900,5732,400759,Public,Commercial,Brevoortia ,161731,ACCSPHIST
1974,MAINE,MENHADENS **,10148600,4603,155089,Public,Commercial,Brevoortia ,161731,ACCSPHIST
1974,MARYLAND,MENHADENS **,5523100,2505,140607,Public,Commercial,Brevoortia ,161731,ACCSPHIST
1974,MASSACHUSETTS,MENHADENS **,47032600,21334,716741,Public,Commercial,Brevoortia ,161731,ACCSPHIST
1974,NEW JERSEY,MENHADENS **,107307400,48674,2734829,Public,Commercial,Brevoortia ,161731,ACCSPHIST
1974,NEW YORK,MENHADENS **,576300,261,17480,Public,Commercial,Brevoortia ,161731,ACCSPHIST
1974,NORTH CAROLINA,MENHADENS **,121197700,54975,2886563,Public,Commercial,Brevoortia ,161731,ACCSPHIST
1974,RHODE ISLAND,MENHADENS **,20725500,9401,299245,Public,Commercial,Brevoortia ,161731,ACCSPHIST
1974,SOUTH CAROLINA,MENHADENS **,1600,1,159,Public,Commercial,Brevoortia ,161731,ACCSPHIST
1974,VIRGINIA,MENHADENS **,379251700,172027,11230030,Public,Commercial,Brevoortia ,161731,ACCSPHIST
1973,CONNECTICUT,MENHADENS **,575600,261,28722,Public,Commercial,Brevoortia ,161731,ACCSPHIST
1973,DELAWARE,MENHADENS **,32600,15,1108,Public,Commercial,Brevoortia ,161731,ACCSPHIST
1973,FLORIDA-EAST,MENHADENS **,18280300,8292,592173,Public,Commercial,Brevoortia ,161731,ACCSPHIST
1973,MAINE,MENHADENS **,6935500,3146,143693,Public,Commercial,Brevoortia ,161731,ACCSPHIST
1973,MARYLAND,MENHADENS **,9657300,4381,215795,Public,Commercial,Brevoortia ,161731,ACCSPHIST
1973,MASSACHUSETTS,MENHADENS **,43173200,19583,860547,Public,Commercial,Brevoortia ,161731,ACCSPHIST
1973,NEW JERSEY,MENHADENS **,154483200,70073,3939308,Public,Commercial,Brevoortia ,161731,ACCSPHIST
1973,NEW YORK,MENHADENS **,1734100,787,52124,Public,Commercial,Brevoortia ,161731,ACCSPHIST
1973,NORTH CAROLINA,MENHADENS **,66943000,30365,2539604,Public,Commercial,Brevoortia ,161731,ACCSPHIST
1973,RHODE ISLAND,MENHADENS **,15962000,7240,303984,Public,Commercial,Brevoortia ,161731,ACCSPHIST
1973,VIRGINIA,MENHADENS **,495962600,224967,20395798,Public,Commercial,Brevoortia ,161731,ACCSPHIST
1972,CONNECTICUT,MENHADENS **,369100,167,18452,Public,Commercial,Brevoortia ,161731,ACCSPHIST
1972,DELAWARE,MENHADENS **,29300,13,961,Public,Commercial,Brevoortia ,161731,ACCSPHIST
1972,FLORIDA-EAST,MENHADENS **,21257000,9642,282592,Public,Commercial,Brevoortia ,161731,ACCSPHIST
1972,MARYLAND,MENHADENS **,7104300,3222,142468,Public,Commercial,Brevoortia ,161731,ACCSPHIST
1972,MASSACHUSETTS,MENHADENS **,11919700,5407,184070,Public,Commercial,Brevoortia ,161731,ACCSPHIST
1972,NEW JERSEY,MENHADENS **,138475800,62812,2262142,Public,Commercial,Brevoortia ,161731,ACCSPHIST
1972,NEW YORK,MENHADENS **,1775200,805,53252,Public,Commercial,Brevoortia ,161731,ACCSPHIST
1972,NORTH CAROLINA,MENHADENS **,84692100,38416,1219329,Public,Commercial,Brevoortia ,161731,ACCSPHIST
1972,RHODE ISLAND,MENHADENS **,18402900,8348,213916,Public,Commercial,Brevoortia ,161731,ACCSPHIST
1972,SOUTH CAROLINA,MENHADENS **,2100,1,105,Public,Commercial,Brevoortia ,161731,ACCSPHIST
1972,VIRGINIA,MENHADENS **,549396700,249205,9179565,Public,Commercial,Brevoortia ,161731,ACCSPHIST
1971,CONNECTICUT,MENHADENS **,353400,160,17660,Public,Commercial,Brevoortia ,161731,ACCSPHIST
1971,FLORIDA-EAST,MENHADENS **,19789100,8976,300091,Public,Commercial,Brevoortia ,161731,ACCSPHIST
1971,MARYLAND,MENHADENS **,5957600,2702,119294,Public,Commercial,Brevoortia ,161731,ACCSPHIST
1971,MASSACHUSETTS,MENHADENS **,6311600,2863,116524,Public,Commercial,Brevoortia ,161731,ACCSPHIST
1971,NEW JERSEY,MENHADENS **,60563200,27471,1045100,Public,Commercial,Brevoortia ,161731,ACCSPHIST
1971,NEW YORK,MENHADENS **,999300,453,36871,Public,Commercial,Brevoortia ,161731,ACCSPHIST
1971,NORTH CAROLINA,MENHADENS **,79488200,36056,1116093,Public,Commercial,Brevoortia ,161731,ACCSPHIST
1971,RHODE ISLAND,MENHADENS **,19228100,8722,209409,Public,Commercial,Brevoortia ,161731,ACCSPHIST
1971,SOUTH CAROLINA,MENHADENS **,12000,5,240,Public,Commercial,Brevoortia ,161731,ACCSPHIST
1971,VIRGINIA,MENHADENS **,394144900,178783,6430802,Public,Commercial,Brevoortia ,161731,ACCSPHIST
1970,CONNECTICUT,MENHADENS **,128300,58,3284,Public,Commercial,Brevoortia ,161731,ACCSPHIST
1970,FLORIDA-EAST,MENHADENS **,28007900,12704,370447,Public,Commercial,Brevoortia ,161731,ACCSPHIST
1970,MARYLAND,MENHADENS **,3836900,1740,113920,Public,Commercial,Brevoortia ,161731,ACCSPHIST
1970,MASSACHUSETTS,MENHADENS **,980400,445,13216,Public,Commercial,Brevoortia ,161731,ACCSPHIST
1970,NEW JERSEY,MENHADENS **,30727800,13938,592261,Public,Commercial,Brevoortia ,161731,ACCSPHIST
1970,NEW YORK,MENHADENS **,741800,336,33562,Public,Commercial,Brevoortia ,161731,ACCSPHIST
1970,NORTH CAROLINA,MENHADENS **,108235200,49095,1570489,Public,Commercial,Brevoortia ,161731,ACCSPHIST
1970,RHODE ISLAND,MENHADENS **,9397900,4263,120108,Public,Commercial,Brevoortia ,161731,ACCSPHIST
1970,SOUTH CAROLINA,MENHADENS **,10000,5,100,Public,Commercial,Brevoortia ,161731,ACCSPHIST
1970,VIRGINIA,MENHADENS **,445959900,202286,7523581,Public,Commercial,Brevoortia ,161731,ACCSPHIST
1969,CONNECTICUT,MENHADENS **,12800,6,410,Public,Commercial,Brevoortia ,161731,ACCSPHIST
1969,FLORIDA-EAST,MENHADENS **,19394100,8797,258713,Public,Commercial,Brevoortia ,161731,ACCSPHIST
1969,MARYLAND,MENHADENS **,3456400,1568,98279,Public,Commercial,Brevoortia ,161731,ACCSPHIST
1969,MASSACHUSETTS,MENHADENS **,11500,5,186,Public,Commercial,Brevoortia ,161731,ACCSPHIST
1969,NEW JERSEY,MENHADENS **,33993300,15419,613715,Public,Commercial,Brevoortia ,161731,ACCSPHIST
1969,NEW YORK,MENHADENS **,9762400,4428,229940,Public,Commercial,Brevoortia ,161731,ACCSPHIST
1969,NORTH CAROLINA,MENHADENS **,145235000,65878,2227738,Public,Commercial,Brevoortia ,161731,ACCSPHIST
1969,RHODE ISLAND,MENHADENS **,21400,10,644,Public,Commercial,Brevoortia ,161731,ACCSPHIST
1969,SOUTH CAROLINA,MENHADENS **,245000,111,3675,Public,Commercial,Brevoortia ,161731,ACCSPHIST
1969,VIRGINIA,MENHADENS **,178195300,80829,2724020,Public,Commercial,Brevoortia ,161731,ACCSPHIST
1968,CONNECTICUT,MENHADENS **,300,0,20,Public,Commercial,Brevoortia ,161731,ACCSPHIST
1968,FLORIDA-EAST,MENHADENS **,23940000,10859,236469,Public,Commercial,Brevoortia ,161731,ACCSPHIST
1968,MARYLAND,MENHADENS **,4360300,1978,92076,Public,Commercial,Brevoortia ,161731,ACCSPHIST
1968,MASSACHUSETTS,MENHADENS **,7600,3,112,Public,Commercial,Brevoortia ,161731,ACCSPHIST
1968,NEW JERSEY,MENHADENS **,68477500,31061,963539,Public,Commercial,Brevoortia ,161731,ACCSPHIST
1968,NEW YORK,MENHADENS **,17784800,8067,193784,Public,Commercial,Brevoortia ,161731,ACCSPHIST
1968,NORTH CAROLINA,MENHADENS **,167189100,75836,1957865,Public,Commercial,Brevoortia ,161731,ACCSPHIST
1968,RHODE ISLAND,MENHADENS **,14600,7,224,Public,Commercial,Brevoortia ,161731,ACCSPHIST
1968,SOUTH CAROLINA,MENHADENS **,252600,115,5052,Public,Commercial,Brevoortia ,161731,ACCSPHIST
1968,VIRGINIA,MENHADENS **,269717200,122343,3618475,Public,Commercial,Brevoortia ,161731,ACCSPHIST
1967,CONNECTICUT,MENHADENS **,2100,1,71,Public,Commercial,Brevoortia ,161731,ACCSPHIST
1967,FLORIDA-EAST,MENHADENS **,43296700,19639,427239,Public,Commercial,Brevoortia ,161731,ACCSPHIST
1967,MARYLAND,MENHADENS **,3000500,1361,59788,Public,Commercial,Brevoortia ,161731,ACCSPHIST
1967,MASSACHUSETTS,MENHADENS **,21000,10,525,Public,Commercial,Brevoortia ,161731,ACCSPHIST
1967,NEW JERSEY,MENHADENS **,45895700,20818,643631,Public,Commercial,Brevoortia ,161731,ACCSPHIST
1967,NEW YORK,MENHADENS **,642000,291,26633,Public,Commercial,Brevoortia ,161731,ACCSPHIST
1967,NORTH CAROLINA,MENHADENS **,150480700,68258,1693735,Public,Commercial,Brevoortia ,161731,ACCSPHIST
1967,RHODE ISLAND,MENHADENS **,12800,6,269,Public,Commercial,Brevoortia ,161731,ACCSPHIST
1967,VIRGINIA,MENHADENS **,220266900,99912,2993441,Public,Commercial,Brevoortia ,161731,ACCSPHIST
1966,CONNECTICUT,MENHADENS **,2000,1,54,Public,Commercial,Brevoortia ,161731,ACCSPHIST
1966,DELAWARE,MENHADENS **,4230800,1919,52712,Public,Commercial,Brevoortia ,161731,ACCSPHIST
1966,FLORIDA-EAST,MENHADENS **,32589700,14783,449576,Public,Commercial,Brevoortia ,161731,ACCSPHIST
1966,MARYLAND,MENHADENS **,5504500,2497,126027,Public,Commercial,Brevoortia ,161731,ACCSPHIST
1966,MASSACHUSETTS,MENHADENS **,2800,1,34,Public,Commercial,Brevoortia ,161731,ACCSPHIST
1966,NEW JERSEY,MENHADENS **,12914700,5858,263901,Public,Commercial,Brevoortia ,161731,ACCSPHIST
1966,NEW YORK,MENHADENS **,4870100,2209,81742,Public,Commercial,Brevoortia ,161731,ACCSPHIST
1966,NORTH CAROLINA,MENHADENS **,182288900,82686,2537808,Public,Commercial,Brevoortia ,161731,ACCSPHIST
1966,RHODE ISLAND,MENHADENS **,9000,4,338,Public,Commercial,Brevoortia ,161731,ACCSPHIST
1966,SOUTH CAROLINA,MENHADENS **,235000,107,4700,Public,Commercial,Brevoortia ,161731,ACCSPHIST
1966,VIRGINIA,MENHADENS **,272390500,123556,4324685,Public,Commercial,Brevoortia ,161731,ACCSPHIST
1965,CONNECTICUT,MENHADENS **,3600,2,68,Public,Commercial,Brevoortia ,161731,ACCSPHIST
1965,DELAWARE,MENHADENS **,46497400,21091,579213,Public,Commercial,Brevoortia ,161731,ACCSPHIST
1965,FLORIDA-EAST,MENHADENS **,31669700,14365,429527,Public,Commercial,Brevoortia ,161731,ACCSPHIST
1965,MARYLAND,MENHADENS **,8332800,3780,153037,Public,Commercial,Brevoortia ,161731,ACCSPHIST
1965,MASSACHUSETTS,MENHADENS **,9100,4,96,Public,Commercial,Brevoortia ,161731,ACCSPHIST
1965,NEW JERSEY,MENHADENS **,74373100,33735,1270876,Public,Commercial,Brevoortia ,161731,ACCSPHIST
1965,NEW YORK,MENHADENS **,30139600,13671,417407,Public,Commercial,Brevoortia ,161731,ACCSPHIST
1965,NORTH CAROLINA,MENHADENS **,160595300,72846,2072174,Public,Commercial,Brevoortia ,161731,ACCSPHIST
1965,RHODE ISLAND,MENHADENS **,7400,3,98,Public,Commercial,Brevoortia ,161731,ACCSPHIST
1965,SOUTH CAROLINA,MENHADENS **,10000,5,200,Public,Commercial,Brevoortia ,161731,ACCSPHIST
1965,VIRGINIA,MENHADENS **,351613300,159491,5248867,Public,Commercial,Brevoortia ,161731,ACCSPHIST
1964,CONNECTICUT,MENHADENS **,3900,2,73,Public,Commercial,Brevoortia ,161731,ACCSPHIST
1964,DELAWARE,MENHADENS **,32554000,14766,378494,Public,Commercial,Brevoortia ,161731,ACCSPHIST
1964,FLORIDA-EAST,MENHADENS **,17154500,7781,187411,Public,Commercial,Brevoortia ,161731,ACCSPHIST
1964,MARYLAND,MENHADENS **,5706300,2588,91139,Public,Commercial,Brevoortia ,161731,ACCSPHIST
1964,MASSACHUSETTS,MENHADENS **,2100,1,35,Public,Commercial,Brevoortia ,161731,ACCSPHIST
1964,NEW JERSEY,MENHADENS **,64278700,29157,969552,Public,Commercial,Brevoortia ,161731,ACCSPHIST
1964,NEW YORK,MENHADENS **,42424700,19244,516226,Public,Commercial,Brevoortia ,161731,ACCSPHIST
1964,NORTH CAROLINA,MENHADENS **,172991700,78469,2248892,Public,Commercial,Brevoortia ,161731,ACCSPHIST
1964,VIRGINIA,MENHADENS **,330708500,150008,4798343,Public,Commercial,Brevoortia ,161731,ACCSPHIST
1963,CONNECTICUT,MENHADENS **,5100,2,110,Public,Commercial,Brevoortia ,161731,ACCSPHIST
1963,DELAWARE,MENHADENS **,102823600,46640,1059083,Public,Commercial,Brevoortia ,161731,ACCSPHIST
1963,FLORIDA-EAST,MENHADENS **,25672400,11645,262995,Public,Commercial,Brevoortia ,161731,ACCSPHIST
1963,MARYLAND,MENHADENS **,3292900,1494,53511,Public,Commercial,Brevoortia ,161731,ACCSPHIST
1963,MASSACHUSETTS,MENHADENS **,344600,156,3503,Public,Commercial,Brevoortia ,161731,ACCSPHIST
1963,NEW JERSEY,MENHADENS **,178377100,80911,2196978,Public,Commercial,Brevoortia ,161731,ACCSPHIST
1963,NEW YORK,MENHADENS **,91650500,41572,1013679,Public,Commercial,Brevoortia ,161731,ACCSPHIST
1963,NORTH CAROLINA,MENHADENS **,190213800,86280,2326005,Public,Commercial,Brevoortia ,161731,ACCSPHIST
1963,RHODE ISLAND,MENHADENS **,2800,1,28,Public,Commercial,Brevoortia ,161731,ACCSPHIST
1963,VIRGINIA,MENHADENS **,255721900,115995,3295035,Public,Commercial,Brevoortia ,161731,ACCSPHIST
1962,CONNECTICUT,MENHADENS **,4600,2,57,Public,Commercial,Brevoortia ,161731,ACCSPHIST
1962,DELAWARE,MENHADENS **,268704000,121883,2782437,Public,Commercial,Brevoortia ,161731,ACCSPHIST
1962,FLORIDA-EAST,MENHADENS **,34270600,15545,321277,Public,Commercial,Brevoortia ,161731,ACCSPHIST
1962,MARYLAND,MENHADENS **,4316100,1958,76525,Public,Commercial,Brevoortia ,161731,ACCSPHIST
1962,MASSACHUSETTS,MENHADENS **,16031900,7272,158813,Public,Commercial,Brevoortia ,161731,ACCSPHIST
1962,NEW JERSEY,MENHADENS **,375526600,170338,3901547,Public,Commercial,Brevoortia ,161731,ACCSPHIST
1962,NEW YORK,MENHADENS **,138256200,62713,1263217,Public,Commercial,Brevoortia ,161731,ACCSPHIST
1962,NORTH CAROLINA,MENHADENS **,122898100,55746,1364169,Public,Commercial,Brevoortia ,161731,ACCSPHIST
1962,RHODE ISLAND,MENHADENS **,7715900,3500,63710,Public,Commercial,Brevoortia ,161731,ACCSPHIST
1962,VIRGINIA,MENHADENS **,323594200,146781,3884105,Public,Commercial,Brevoortia ,161731,ACCSPHIST
1961,CONNECTICUT,MENHADENS **,12300,6,139,Public,Commercial,Brevoortia ,161731,ACCSPHIST
1961,DELAWARE,MENHADENS **,302773000,137337,3356200,Public,Commercial,Brevoortia ,161731,ACCSPHIST
1961,FLORIDA-EAST,MENHADENS **,32950100,14946,272969,Public,Commercial,Brevoortia ,161731,ACCSPHIST
1961,MARYLAND,MENHADENS **,3577700,1623,59227,Public,Commercial,Brevoortia ,161731,ACCSPHIST
1961,MASSACHUSETTS,MENHADENS **,3362800,1525,29858,Public,Commercial,Brevoortia ,161731,ACCSPHIST
1961,NEW JERSEY,MENHADENS **,328208000,148874,3625459,Public,Commercial,Brevoortia ,161731,ACCSPHIST
1961,NEW YORK,MENHADENS **,84068000,38133,949403,Public,Commercial,Brevoortia ,161731,ACCSPHIST
1961,NORTH CAROLINA,MENHADENS **,221555400,100497,2414953,Public,Commercial,Brevoortia ,161731,ACCSPHIST
1961,RHODE ISLAND,MENHADENS **,22635600,10267,192440,Public,Commercial,Brevoortia ,161731,ACCSPHIST
1961,VIRGINIA,MENHADENS **,295101100,133857,3087153,Public,Commercial,Brevoortia ,161731,ACCSPHIST
1960,CONNECTICUT,MENHADENS **,13000,6,181,Public,Commercial,Brevoortia ,161731,ACCSPHIST
1960,DELAWARE,MENHADENS **,280711000,127330,2750966,Public,Commercial,Brevoortia ,161731,ACCSPHIST
1960,FLORIDA-EAST,MENHADENS **,24592000,11155,203741,Public,Commercial,Brevoortia ,161731,ACCSPHIST
1960,MAINE,MENHADENS **,35000,16,625,Public,Commercial,Brevoortia ,161731,ACCSPHIST
1960,MARYLAND,MENHADENS **,2903900,1317,49366,Public,Commercial,Brevoortia ,161731,ACCSPHIST
1960,MASSACHUSETTS,MENHADENS **,18032200,8179,173709,Public,Commercial,Brevoortia ,161731,ACCSPHIST
1960,NEW JERSEY,MENHADENS **,305926700,138767,2956964,Public,Commercial,Brevoortia ,161731,ACCSPHIST
1960,NEW YORK,MENHADENS **,84161000,38175,847682,Public,Commercial,Brevoortia ,161731,ACCSPHIST
1960,NORTH CAROLINA,MENHADENS **,190431300,86379,1980480,Public,Commercial,Brevoortia ,161731,ACCSPHIST
1960,RHODE ISLAND,MENHADENS **,24549000,11135,220965,Public,Commercial,Brevoortia ,161731,ACCSPHIST
1960,VIRGINIA,MENHADENS **,246001300,111585,2221029,Public,Commercial,Brevoortia ,161731,ACCSPHIST
1959,CONNECTICUT,MENHADENS **,21400,10,269,Public,Commercial,Brevoortia ,161731,ACCSPHIST
1959,DELAWARE,MENHADENS **,281141000,127525,3149053,Public,Commercial,Brevoortia ,161731,ACCSPHIST
1959,FLORIDA-EAST,MENHADENS **,46636900,21154,362091,Public,Commercial,Brevoortia ,161731,ACCSPHIST
1959,MARYLAND,MENHADENS **,2203300,999,33049,Public,Commercial,Brevoortia ,161731,ACCSPHIST
1959,MASSACHUSETTS,MENHADENS **,36584900,16595,504668,Public,Commercial,Brevoortia ,161731,ACCSPHIST
1959,NEW JERSEY,MENHADENS **,296099600,134310,3459653,Public,Commercial,Brevoortia ,161731,ACCSPHIST
1959,NEW YORK,MENHADENS **,75783300,34375,958633,Public,Commercial,Brevoortia ,161731,ACCSPHIST
1959,NORTH CAROLINA,MENHADENS **,279887800,126956,3246699,Public,Commercial,Brevoortia ,161731,ACCSPHIST
1959,RHODE ISLAND,MENHADENS **,16245000,7369,194924,Public,Commercial,Brevoortia ,161731,ACCSPHIST
1959,SOUTH CAROLINA,MENHADENS **,3991200,1810,28737,Public,Commercial,Brevoortia ,161731,ACCSPHIST
1959,VIRGINIA,MENHADENS **,412302100,187019,4373357,Public,Commercial,Brevoortia ,161731,ACCSPHIST
1958,CONNECTICUT,MENHADENS **,22200,10,360,Public,Commercial,Brevoortia ,161731,ACCSPHIST
1958,DELAWARE,MENHADENS **,269667000,122320,3775337,Public,Commercial,Brevoortia ,161731,ACCSPHIST
1958,FLORIDA-EAST,MENHADENS **,7871100,3570,84202,Public,Commercial,Brevoortia ,161731,ACCSPHIST
1958,MARYLAND,MENHADENS **,2273800,1031,22736,Public,Commercial,Brevoortia ,161731,ACCSPHIST
1958,MASSACHUSETTS,MENHADENS **,3917300,1777,53547,Public,Commercial,Brevoortia ,161731,ACCSPHIST
1958,NEW JERSEY,MENHADENS **,200550300,90969,2542525,Public,Commercial,Brevoortia ,161731,ACCSPHIST
1958,NEW YORK,MENHADENS **,55299000,25083,778244,Public,Commercial,Brevoortia ,161731,ACCSPHIST
1958,NORTH CAROLINA,MENHADENS **,235384500,106770,3483690,Public,Commercial,Brevoortia ,161731,ACCSPHIST
1958,RHODE ISLAND,MENHADENS **,9914300,4497,119143,Public,Commercial,Brevoortia ,161731,ACCSPHIST
1958,SOUTH CAROLINA,MENHADENS **,861400,391,9734,Public,Commercial,Brevoortia ,161731,ACCSPHIST
1958,VIRGINIA,MENHADENS **,320511700,145383,4304849,Public,Commercial,Brevoortia ,161731,ACCSPHIST
1957,CONNECTICUT,MENHADENS **,32500,15,470,Public,Commercial,Brevoortia ,161731,ACCSPHIST
1957,DELAWARE,MENHADENS **,286272200,129852,3665717,Public,Commercial,Brevoortia ,161731,ACCSPHIST
1957,FLORIDA-EAST,MENHADENS **,16852200,7644,191238,Public,Commercial,Brevoortia ,161731,ACCSPHIST
1957,MAINE,MENHADENS **,273400,124,3418,Public,Commercial,Brevoortia ,161731,ACCSPHIST
1957,MARYLAND,MENHADENS **,2398700,1088,35979,Public,Commercial,Brevoortia ,161731,ACCSPHIST
1957,MASSACHUSETTS,MENHADENS **,21704500,9845,292380,Public,Commercial,Brevoortia ,161731,ACCSPHIST
1957,NEW JERSEY,MENHADENS **,418512200,189836,5118091,Public,Commercial,Brevoortia ,161731,ACCSPHIST
1957,NEW YORK,MENHADENS **,116770500,52967,1659596,Public,Commercial,Brevoortia ,161731,ACCSPHIST
1957,NORTH CAROLINA,MENHADENS **,172522300,78256,2380826,Public,Commercial,Brevoortia ,161731,ACCSPHIST
1957,RHODE ISLAND,MENHADENS **,19777700,8971,235837,Public,Commercial,Brevoortia ,161731,ACCSPHIST
1957,SOUTH CAROLINA,MENHADENS **,7027000,3187,66054,Public,Commercial,Brevoortia ,161731,ACCSPHIST
1957,VIRGINIA,MENHADENS **,265453100,120409,3120259,Public,Commercial,Brevoortia ,161731,ACCSPHIST
1956,CONNECTICUT,MENHADENS **,22500,10,255,Public,Commercial,Brevoortia ,161731,ACCSPHIST
1956,DELAWARE,MENHADENS **,352946700,160096,4624495,Public,Commercial,Brevoortia ,161731,ACCSPHIST
1956,FLORIDA-EAST,MENHADENS **,67998300,30844,538998,Public,Commercial,Brevoortia ,161731,ACCSPHIST
1956,MAINE,MENHADENS **,1216400,552,15347,Public,Commercial,Brevoortia ,161731,ACCSPHIST
1956,MARYLAND,MENHADENS **,1375300,624,27507,Public,Commercial,Brevoortia ,161731,ACCSPHIST
1956,MASSACHUSETTS,MENHADENS **,66407000,30122,856297,Public,Commercial,Brevoortia ,161731,ACCSPHIST
1956,NEW JERSEY,MENHADENS **,486224400,220550,6335404,Public,Commercial,Brevoortia ,161731,ACCSPHIST
1956,NEW YORK,MENHADENS **,114397000,51890,1687634,Public,Commercial,Brevoortia ,161731,ACCSPHIST
1956,NORTH CAROLINA,MENHADENS **,246647900,111879,3379080,Public,Commercial,Brevoortia ,161731,ACCSPHIST
1956,RHODE ISLAND,MENHADENS **,11122000,5045,131743,Public,Commercial,Brevoortia ,161731,ACCSPHIST
1956,VIRGINIA,MENHADENS **,189047100,85751,2424379,Public,Commercial,Brevoortia ,161731,ACCSPHIST
1955,CONNECTICUT,MENHADENS **,43300,20,553,Public,Commercial,Brevoortia ,161731,ACCSPHIST
1955,DELAWARE,MENHADENS **,307475800,139470,4091457,Public,Commercial,Brevoortia ,161731,ACCSPHIST
1955,FLORIDA-EAST,MENHADENS **,36254300,16445,354774,Public,Commercial,Brevoortia ,161731,ACCSPHIST
1955,MAINE,MENHADENS **,4016100,1822,42206,Public,Commercial,Brevoortia ,161731,ACCSPHIST
1955,MARYLAND,MENHADENS **,1939900,880,38799,Public,Commercial,Brevoortia ,161731,ACCSPHIST
1955,MASSACHUSETTS,MENHADENS **,61392900,27848,823938,Public,Commercial,Brevoortia ,161731,ACCSPHIST
1955,NEW JERSEY,MENHADENS **,366734600,166350,4684344,Public,Commercial,Brevoortia ,161731,ACCSPHIST
1955,NEW YORK,MENHADENS **,89616300,40650,1464421,Public,Commercial,Brevoortia ,161731,ACCSPHIST
1955,NORTH CAROLINA,MENHADENS **,184918700,83879,2292993,Public,Commercial,Brevoortia ,161731,ACCSPHIST
1955,RHODE ISLAND,MENHADENS **,14341500,6505,179150,Public,Commercial,Brevoortia ,161731,ACCSPHIST
1955,SOUTH CAROLINA,MENHADENS **,6637700,3011,59739,Public,Commercial,Brevoortia ,161731,ACCSPHIST
1955,VIRGINIA,MENHADENS **,313419400,142166,3714988,Public,Commercial,Brevoortia ,161731,ACCSPHIST
1954,CONNECTICUT,MENHADENS **,69900,32,1001,Public,Commercial,Brevoortia ,161731,ACCSPHIST
1954,DELAWARE,MENHADENS **,306479600,139018,4476741,Public,Commercial,Brevoortia ,161731,ACCSPHIST
1954,FLORIDA-EAST,MENHADENS **,42009200,19055,487308,Public,Commercial,Brevoortia ,161731,ACCSPHIST
1954,MAINE,MENHADENS **,5876400,2666,47172,Public,Commercial,Brevoortia ,161731,ACCSPHIST
1954,MARYLAND,MENHADENS **,3883100,1761,41054,Public,Commercial,Brevoortia ,161731,ACCSPHIST
1954,MASSACHUSETTS,MENHADENS **,35794400,16236,491486,Public,Commercial,Brevoortia ,161731,ACCSPHIST
1954,NEW JERSEY,MENHADENS **,376805100,170918,5127646,Public,Commercial,Brevoortia ,161731,ACCSPHIST
1954,NEW YORK,MENHADENS **,98475600,44668,1513766,Public,Commercial,Brevoortia ,161731,ACCSPHIST
1954,NORTH CAROLINA,MENHADENS **,160301000,72712,2067883,Public,Commercial,Brevoortia ,161731,ACCSPHIST
1954,RHODE ISLAND,MENHADENS **,17944600,8140,222878,Public,Commercial,Brevoortia ,161731,ACCSPHIST
1954,SOUTH CAROLINA,MENHADENS **,3952000,1793,33592,Public,Commercial,Brevoortia ,161731,ACCSPHIST
1954,VIRGINIA,MENHADENS **,284932700,129245,3669130,Public,Commercial,Brevoortia ,161731,ACCSPHIST
1953,CONNECTICUT,MENHADENS **,218200,99,2383,Public,Commercial,Brevoortia ,161731,ACCSPHIST
1953,DELAWARE,MENHADENS **,360843700,163678,3969301,Public,Commercial,Brevoortia ,161731,ACCSPHIST
1953,FLORIDA-EAST,MENHADENS **,65543800,29730,655438,Public,Commercial,Brevoortia ,161731,ACCSPHIST
1953,MAINE,MENHADENS **,2184000,991,26083,Public,Commercial,Brevoortia ,161731,ACCSPHIST
1953,MARYLAND,MENHADENS **,2150900,976,20997,Public,Commercial,Brevoortia ,161731,ACCSPHIST
1953,MASSACHUSETTS,MENHADENS **,20288400,9203,253572,Public,Commercial,Brevoortia ,161731,ACCSPHIST
1953,NEW JERSEY,MENHADENS **,396308700,179764,3865694,Public,Commercial,Brevoortia ,161731,ACCSPHIST
1953,NEW YORK,MENHADENS **,100431000,45555,1302550,Public,Commercial,Brevoortia ,161731,ACCSPHIST
1953,NORTH CAROLINA,MENHADENS **,132104700,59922,1387098,Public,Commercial,Brevoortia ,161731,ACCSPHIST
1953,RHODE ISLAND,MENHADENS **,17185000,7795,206398,Public,Commercial,Brevoortia ,161731,ACCSPHIST
1953,SOUTH CAROLINA,MENHADENS **,1695800,769,15262,Public,Commercial,Brevoortia ,161731,ACCSPHIST
1953,VIRGINIA,MENHADENS **,160075800,72610,1684786,Public,Commercial,Brevoortia ,161731,ACCSPHIST
1952,CONNECTICUT,MENHADENS **,98900,45,1410,Public,Commercial,Brevoortia ,161731,ACCSPHIST
1952,DELAWARE,MENHADENS **,207657100,94193,2018102,Public,Commercial,Brevoortia ,161731,ACCSPHIST
1952,FLORIDA-EAST,MENHADENS **,120281800,54559,893943,Public,Commercial,Brevoortia ,161731,ACCSPHIST
1952,MAINE,MENHADENS **,604600,274,6056,Public,Commercial,Brevoortia ,161731,ACCSPHIST
1952,MARYLAND,MENHADENS **,1444400,655,13573,Public,Commercial,Brevoortia ,161731,ACCSPHIST
1952,MASSACHUSETTS,MENHADENS **,25980600,11785,326050,Public,Commercial,Brevoortia ,161731,ACCSPHIST
1952,NEW JERSEY,MENHADENS **,179458200,81402,1606046,Public,Commercial,Brevoortia ,161731,ACCSPHIST
1952,NEW YORK,MENHADENS **,93189300,42270,876976,Public,Commercial,Brevoortia ,161731,ACCSPHIST
1952,NORTH CAROLINA,MENHADENS **,191341300,86792,1626501,Public,Commercial,Brevoortia ,161731,ACCSPHIST
1952,RHODE ISLAND,MENHADENS **,9403800,4266,109719,Public,Commercial,Brevoortia ,161731,ACCSPHIST
1952,SOUTH CAROLINA,MENHADENS **,3218000,1460,23491,Public,Commercial,Brevoortia ,161731,ACCSPHIST
1952,VIRGINIA,MENHADENS **,90929700,41245,1123793,Public,Commercial,Brevoortia ,161731,ACCSPHIST
1951,CONNECTICUT,MENHADENS **,70100,32,783,Public,Commercial,Brevoortia ,161731,ACCSPHIST
1951,DELAWARE,MENHADENS **,166488700,75519,1911375,Public,Commercial,Brevoortia ,161731,ACCSPHIST
1951,FLORIDA-EAST,MENHADENS **,79600400,36107,822877,Public,Commercial,Brevoortia ,161731,ACCSPHIST
1951,MAINE,MENHADENS **,1514300,687,8610,Public,Commercial,Brevoortia ,161731,ACCSPHIST
1951,MARYLAND,MENHADENS **,430900,195,4467,Public,Commercial,Brevoortia ,161731,ACCSPHIST
1951,MASSACHUSETTS,MENHADENS **,7208100,3270,108217,Public,Commercial,Brevoortia ,161731,ACCSPHIST
1951,NEW JERSEY,MENHADENS **,189902600,86139,2179652,Public,Commercial,Brevoortia ,161731,ACCSPHIST
1951,NEW YORK,MENHADENS **,85433200,38752,896743,Public,Commercial,Brevoortia ,161731,ACCSPHIST
1951,NORTH CAROLINA,MENHADENS **,104012900,47180,978562,Public,Commercial,Brevoortia ,161731,ACCSPHIST
1951,RHODE ISLAND,MENHADENS **,2968500,1347,44449,Public,Commercial,Brevoortia ,161731,ACCSPHIST
1951,SOUTH CAROLINA,MENHADENS **,4476900,2031,44769,Public,Commercial,Brevoortia ,161731,ACCSPHIST
1951,VIRGINIA,MENHADENS **,126993900,57604,1110508,Public,Commercial,Brevoortia ,161731,ACCSPHIST
1950,CONNECTICUT,MENHADENS **,43700,20,696,Public,Commercial,Brevoortia ,161731,ACCSPHIST
1950,DELAWARE,MENHADENS **,151857500,68882,1548947,Public,Commercial,Brevoortia ,161731,ACCSPHIST
1950,FLORIDA-EAST,MENHADENS **,21258700,9643,214712,Public,Commercial,Brevoortia ,161731,ACCSPHIST
1950,MAINE,MENHADENS **,490000,222,2511,Public,Commercial,Brevoortia ,161731,ACCSPHIST
1950,MARYLAND,MENHADENS **,1097400,498,9946,Public,Commercial,Brevoortia ,161731,ACCSPHIST
1950,MASSACHUSETTS,MENHADENS **,8762000,3974,86726,Public,Commercial,Brevoortia ,161731,ACCSPHIST
1950,NEW JERSEY,MENHADENS **,138578600,62859,1497647,Public,Commercial,Brevoortia ,161731,ACCSPHIST
1950,NEW YORK,MENHADENS **,82510400,37426,694529,Public,Commercial,Brevoortia ,161731,ACCSPHIST
1950,NORTH CAROLINA,MENHADENS **,124904900,56656,1221468,Public,Commercial,Brevoortia ,161731,ACCSPHIST
1950,RHODE ISLAND,MENHADENS **,8100,4,110,Public,Commercial,Brevoortia ,161731,ACCSPHIST
1950,SOUTH CAROLINA,MENHADENS **,961400,436,9037,Public,Commercial,Brevoortia ,161731,ACCSPHIST
1950,VIRGINIA,MENHADENS **,169814800,77027,1482721,Public,Commercial,Brevoortia ,161731,ACCSPHIST